fecha_registro,ciudad,barrio_original,barrio_estandarizado,altura_domicilio,tipo_vivienda,integrantes_familia,tipo_mascota,tipo_mascota_[Gatos],tipo_mascota_[Perros],perros_macho,perros_hembra,total_perros,gatos_macho,gatos_hembra,total_gatos,total_mascotas,mascota_castrada,lugar_castracion,lugar_castracion_[En forma particular],lugar_castracion_[Municipio],lugar_castracion_[No se encuentra castrada.],conoce_castracion_gratis,mascotas_vacunadas,mascotas_desparasitadas,conoce_plan_vacunacion,estilo_vida_mascota,estilo_vida_mascota_[Salen solos a la calle],estilo_vida_mascota_[Tienen identificador],estilo_vida_mascota_[Viven dentro de su hogar],frecuencia_callejeros,tipo_animal_abandonado,tipo_animal_abandonado_[Gatos],tipo_animal_abandonado_[Perros],medidas_exigidas_municipio,medidas_exigidas_municipio_[Castraciones masivas],medidas_exigidas_municipio_[Control de identificación],medidas_exigidas_municipio_[Educación],medidas_exigidas_municipio_[No es necesaria la participación del municipio],autopercepcion_responsabilidad
2026-03-05 21:40:00,San Francisco,Consolata,La Consolata,2699,Casa Propia,2,Perros,,Perros,1,0,1,0,0,0,1,No,No se encuentra castrada.,,,No se encuentra castrada.,Si,Si,Si,Si,Viven dentro de su hogar,,,Viven dentro de su hogar,Todo el tiempo,Perros,,Perros,Castraciones masivas | Control de identificación | Educación,Castraciones masivas,Control de identificación,Educación,,Si
2026-03-11 19:00:05,San Francisco,Independencia ,Independencia,3300,Casa Propia,2,Perros,,Perros,1,0,1,0,0,0,1,Si,En forma particular,En forma particular,,,Si,Si,Si,Si,Tienen identificador | Viven dentro de su hogar,,Tienen identificador,Viven dentro de su hogar,Todo el tiempo,Gatos | Perros,Gatos,Perros,Control de identificación | Educación,,Control de identificación,Educación,,Si
2026-03-11 21:05:09,San Francisco,Parque,Barrio Parque,1158,Casa en Alquiler,3,Perros,,Perros,0,1,1,0,0,0,1,Si,En forma particular,En forma particular,,,Si,Si,Si,Si,Viven dentro de su hogar,,,Viven dentro de su hogar,Todo el tiempo,Gatos | Perros,Gatos,Perros,Educación,,,Educación,,Si
2026-03-11 21:05:52,San Francisco,Roca,General Roca,3164,Casa en Alquiler,2,Gatos | Perros,Gatos,Perros,0,3,3,3,0,3,6,Si,Municipio,,Municipio,,Si,Si,Si,No,Tienen identificador | Viven dentro de su hogar,,Tienen identificador,Viven dentro de su hogar,Todo el tiempo,Perros,,Perros,Castraciones masivas | Educación,Castraciones masivas,,Educación,,Si
2026-03-11 21:06:01,San Francisco,Velez Sarsfield ,Vélez Sarsfield,1300,Casa Propia,3,Perros,,Perros,1,1,2,0,0,0,2,Si,En forma particular,En forma particular,,,Si,Si,Si,Si,Viven dentro de su hogar,,,Viven dentro de su hogar,A veces,Perros,,Perros,Control de identificación,,Control de identificación,,,Si
2026-03-11 21:06:48,San Francisco,El Prado,El Prado,2800,Casa Propia,2,Perros,,Perros,0,1,1,0,0,0,1,Si,En forma particular,En forma particular,,,Si,Si,Si,Si,Tienen identificador | Viven dentro de su hogar,,Tienen identificador,Viven dentro de su hogar,A veces,Perros,,Perros,Castraciones masivas,Castraciones masivas,,,,Si
2026-03-11 21:08:24,San Francisco,El Prado,El Prado,1300,Casa Propia,4,Gatos | Perros,Gatos,Perros,1,1,2,1,0,1,3,Si,Municipio,,Municipio,,Si,Si,Si,No,Viven dentro de su hogar,,,Viven dentro de su hogar,Todo el tiempo,Perros,,Perros,Castraciones masivas | Control de identificación,Castraciones masivas,Control de identificación,,,Si
2026-03-11 21:08:34,San Francisco,La Florida,La Florida,147,Casa Propia,3,Perros,,Perros,0,1,1,0,0,0,1,No,No se encuentra castrada.,,,No se encuentra castrada.,Si,Si,Si,Si,Tienen identificador | Viven dentro de su hogar,,Tienen identificador,Viven dentro de su hogar,Todo el tiempo,Perros,,Perros,Castraciones masivas | Control de identificación | Educación,Castraciones masivas,Control de identificación,Educación,,Si
2026-03-11 21:08:41,Frontera,Federal,Federal,1200,Casa Propia,2,Perros,,Perros,1,2,3,0,0,0,3,Si,Municipio,,Municipio,,Si,Si,Si,Si,Viven dentro de su hogar,,,Viven dentro de su hogar,Todo el tiempo,Perros,,Perros,Castraciones masivas | Control de identificación,Castraciones masivas,Control de identificación,,,Si
2026-03-11 21:09:52,San Francisco,Catedral,Catedral,400,Casa Propia,2,Gatos,Gatos,,1,0,1,1,0,1,2,Si,En forma particular,En forma particular,,,Si,Si,Si,Si,Viven dentro de su hogar,,,Viven dentro de su hogar,Todo el tiempo,Gatos | Perros,Gatos,Perros,No es necesaria la participación del municipio,,,,No es necesaria la participación del municipio,No
2026-03-11 21:10:02,San Francisco,Jardin,Jardín,1221,Casa Propia,2,Gatos,Gatos,,0,0,0,0,1,1,1,Si,En forma particular,En forma particular,,,Si,No,Si,No,Viven dentro de su hogar,,,Viven dentro de su hogar,A veces,Perros,,Perros,Castraciones masivas | Educación,Castraciones masivas,,Educación,,Un poco
2026-03-11 21:10:16,San Francisco,El Prado ,El Prado,1157,Casa Propia,5,Gatos | Perros,Gatos,Perros,0,3,3,1,0,1,4,Si,En forma particular,En forma particular,,,Si,Si,Si,Si,Viven dentro de su hogar,,,Viven dentro de su hogar,Todo el tiempo,Perros,,Perros,Castraciones masivas | Control de identificación,Castraciones masivas,Control de identificación,,,Si
2026-03-11 21:11:05,San Francisco,Magdalena 1,Magdalena 1,1005,Casa Propia,3,Gatos | Perros,Gatos,Perros,0,1,1,2,1,3,4,Si,En forma particular,En forma particular,,,Si,Si,Si,Si,Viven dentro de su hogar,,,Viven dentro de su hogar,Todo el tiempo,Gatos,Gatos,,Castraciones masivas,Castraciones masivas,,,,Si
2026-03-11 21:11:14,San Francisco,Catedral,Catedral,1777,Departamento en Alquiler,1,Gatos,Gatos,,0,0,0,0,1,1,1,Si,En forma particular,En forma particular,,,Si,No,Si,Si,Viven dentro de su hogar,,,Viven dentro de su hogar,A veces,Gatos,Gatos,,Educación,,,Educación,,Si
2026-03-11 21:12:49,San Francisco,Velez sarsfield ,Vélez Sarsfield,1000,Casa Propia,5,Perros,,Perros,2,1,3,0,0,0,3,Si,En forma particular,En forma particular,,,Si,Si,Si,Si,Salen solos a la calle | Viven dentro de su hogar,Salen solos a la calle,,Viven dentro de su hogar,A veces,Perros,,Perros,Educación,,,Educación,,Si
2026-03-11 21:13:38,San Francisco,La Florida,La Florida,1100,Casa Propia,4,Perros,,Perros,0,1,1,0,0,0,1,Si,Municipio,,Municipio,,Si,Si,Si,No,Viven dentro de su hogar,,,Viven dentro de su hogar,A veces,Perros,,Perros,Castraciones masivas,Castraciones masivas,,,,Si
2026-03-11 21:14:33,San Francisco,El prado ,El Prado,1003,Casa Propia,4,Perros,,Perros,2,3,5,0,0,0,5,Si,Municipio,,Municipio,,Si,Si,Si,Si,Viven dentro de su hogar,,,Viven dentro de su hogar,Todo el tiempo,Perros,,Perros,Castraciones masivas | Control de identificación | Educación,Castraciones masivas,Control de identificación,Educación,,Si
2026-03-11 21:17:54,San Francisco,Catedral,Catedral,1982,Casa en Alquiler,2,Gatos | Perros,Gatos,Perros,1,1,2,0,1,1,3,Si,Municipio,,Municipio,,Si,Si,Si,Si,Viven dentro de su hogar,,,Viven dentro de su hogar,A veces,Perros,,Perros,Control de identificación,,Control de identificación,,,Si
2026-03-11 21:21:37,San Francisco,La Milka ,La Milka,472,Casa Propia,4,Gatos | Perros,Gatos,Perros,0,1,1,0,1,1,2,Si,Municipio,,Municipio,,Si,Si,Si,No,Viven dentro de su hogar,,,Viven dentro de su hogar,Todo el tiempo,Perros,,Perros,Castraciones masivas | Control de identificación,Castraciones masivas,Control de identificación,,,Si
2026-03-11 21:22:10,San Francisco,Independencia ,Independencia,3231,Casa Propia,3,Perros,,Perros,0,1,1,0,0,0,1,Si,Municipio,,Municipio,,Si,Si,Si,Si,Viven dentro de su hogar,,,Viven dentro de su hogar,A veces,Perros,,Perros,Castraciones masivas | Control de identificación,Castraciones masivas,Control de identificación,,,Si
2026-03-11 21:23:41,Otra,Villa Luján Santo Tomé,Villa Luján,3738,Casa Propia,3,Perros,,Perros,1,0,1,0,0,0,1,Si,Municipio,,Municipio,,Si,No,Si,Si,Viven dentro de su hogar,,,Viven dentro de su hogar,A veces,Perros,,Perros,Castraciones masivas | Educación,Castraciones masivas,,Educación,,Si
2026-03-11 21:24:16,San Francisco,Independencia ,Independencia,3993,Casa Propia,4,Gatos | Perros,Gatos,Perros,1,0,1,1,0,1,2,No,No se encuentra castrada.,,,No se encuentra castrada.,Si,Si,Si,Si,Viven dentro de su hogar,,,Viven dentro de su hogar,A veces,Perros,,Perros,Castraciones masivas | Educación,Castraciones masivas,,Educación,,Si
2026-03-11 21:27:56,Otra,Morteros,Morteros,478,Casa Propia,6,Gatos | Perros,Gatos,Perros,0,2,2,0,1,1,3,Si,En forma particular,En forma particular,,,Si,Si,Si,Si,Viven dentro de su hogar,,,Viven dentro de su hogar,Todo el tiempo,Gatos | Perros,Gatos,Perros,Castraciones masivas | Educación,Castraciones masivas,,Educación,,Si
2026-03-11 21:46:02,San Francisco,Magdalena 2,Magdalena 2,2640,Casa Propia,2,Gatos,Gatos,,0,0,0,0,2,2,2,Si,En forma particular | Municipio,En forma particular,Municipio,,Si,Si,Si,No,Salen solos a la calle | Viven dentro de su hogar,Salen solos a la calle,,Viven dentro de su hogar,Todo el tiempo,Perros,,Perros,Castraciones masivas | Control de identificación | Educación,Castraciones masivas,Control de identificación,Educación,,Si
2026-03-11 21:47:34,San Francisco,Consolata,La Consolata,321,Casa Propia,4,Perros,,Perros,1,0,1,0,0,0,1,No,No se encuentra castrada.,,,No se encuentra castrada.,Si,Si,Si,Si,Viven dentro de su hogar,,,Viven dentro de su hogar,A veces,Perros,,Perros,Castraciones masivas,Castraciones masivas,,,,Si
2026-03-11 21:48:33,San Francisco,Jose Hernández ,José Hernández,2154,Casa Propia,4,Perros,,Perros,0,2,2,0,0,0,2,Si,En forma particular,En forma particular,,,Si,Si,Si,No,Viven dentro de su hogar,,,Viven dentro de su hogar,Todo el tiempo,Perros,,Perros,Educación,,,Educación,,Si
2026-03-11 21:53:50,San Francisco,Sarmiento ,Sarmiento,600,Casa Propia,4,Perros,,Perros,1,0,1,0,0,0,1,No,No se encuentra castrada.,,,No se encuentra castrada.,Si,Si,Si,Si,Viven dentro de su hogar,,,Viven dentro de su hogar,Todo el tiempo,Perros,,Perros,Castraciones masivas | Control de identificación | Educación,Castraciones masivas,Control de identificación,Educación,,Si
2026-03-11 21:55:45,San Francisco,Centro ,Centro,86,Departamento en Alquiler,4,Gatos,Gatos,,0,0,0,1,1,2,2,Si,Municipio,,Municipio,,Si,Si,Si,Si,Viven dentro de su hogar,,,Viven dentro de su hogar,Nunca,Perros,,Perros,Castraciones masivas | Educación,Castraciones masivas,,Educación,,Si
2026-03-11 21:58:12,San Francisco,Parque ,Barrio Parque,1048,Casa Propia,2,Gatos,Gatos,,0,0,0,3,0,3,3,Si,En forma particular,En forma particular,,,Si,Si,Si,Si,Viven dentro de su hogar,,,Viven dentro de su hogar,Todo el tiempo,Perros,,Perros,Control de identificación | Educación,,Control de identificación,Educación,,Si
2026-03-11 21:59:06,San Francisco,La Consolata,La Consolata,506,Casa Propia,5,Gatos,Gatos,,0,0,0,0,1,1,1,Si,En forma particular,En forma particular,,,Si,Si,Si,Si,Salen solos a la calle | Viven dentro de su hogar,Salen solos a la calle,,Viven dentro de su hogar,A veces,Perros,,Perros,Castraciones masivas | Educación,Castraciones masivas,,Educación,,Si
2026-03-11 22:08:13,San Francisco,El Prado ,El Prado,2888,Casa Propia,1,Perros,,Perros,0,1,1,0,0,0,1,Si,Municipio,,Municipio,,Si,Si,Si,Si,Viven dentro de su hogar,,,Viven dentro de su hogar,A veces,Perros,,Perros,Castraciones masivas | Educación,Castraciones masivas,,Educación,,Si
2026-03-11 22:13:32,San Francisco,Cotolengo,Cottolengo,2900,Casa Propia,5,Perros,,Perros,0,2,2,0,0,0,2,Si,Municipio,,Municipio,,Si,Si,Si,Si,Viven dentro de su hogar,,,Viven dentro de su hogar,Todo el tiempo,Gatos | Perros,Gatos,Perros,Control de identificación,,Control de identificación,,,Si
2026-03-11 22:13:42,San Francisco,El Prado,El Prado,1100,Casa Propia,4,Gatos | Perros,Gatos,Perros,1,0,1,0,2,2,3,Si,Municipio,,Municipio,,Si,Si,Si,No,Viven dentro de su hogar,,,Viven dentro de su hogar,Todo el tiempo,Perros,,Perros,Castraciones masivas | Control de identificación | Educación,Castraciones masivas,Control de identificación,Educación,,Si
2026-03-11 22:14:06,San Francisco,Magdalena,Magdalena,4040,Casa Propia,4,Perros,,Perros,1,0,1,0,0,0,1,No,No se encuentra castrada.,,,No se encuentra castrada.,Si,Si,Si,No,Salen solos a la calle | Viven dentro de su hogar,Salen solos a la calle,,Viven dentro de su hogar,Todo el tiempo,Gatos | Perros,Gatos,Perros,Castraciones masivas | Educación,Castraciones masivas,,Educación,,Si
2026-03-11 22:20:34,San Francisco,Chalet,Chalet,200,Casa en Alquiler,5,Perros,,Perros,0,1,1,0,0,0,1,Si,Municipio,,Municipio,,Si,Si,Si,Si,Viven dentro de su hogar,,,Viven dentro de su hogar,A veces,Perros,,Perros,Educación,,,Educación,,Un poco
2026-03-11 22:22:47,San Francisco,El Prado,El Prado,1100,Casa Propia,3,Perros,,Perros,3,0,3,0,0,0,3,No,No se encuentra castrada.,,,No se encuentra castrada.,Si,Si,Si,Si,Viven dentro de su hogar,,,Viven dentro de su hogar,Todo el tiempo,Perros,,Perros,Castraciones masivas | Control de identificación,Castraciones masivas,Control de identificación,,,Si
2026-03-11 22:25:00,San Francisco,20 de junio ,20 de Junio,4000,Casa Propia,3,Perros,,Perros,2,0,2,0,2,2,4,Si,Municipio,,Municipio,,Si,Si,Si,Si,Viven dentro de su hogar,,,Viven dentro de su hogar,Nunca,Gatos,Gatos,,Control de identificación,,Control de identificación,,,Si
2026-03-11 22:25:40,Otra,Fátima,Fátima,2081,Casa Propia,2,Perros,,Perros,1,0,1,0,0,0,1,No,No se encuentra castrada.,,,No se encuentra castrada.,Si,Si,Si,No,Salen solos a la calle | Viven dentro de su hogar,Salen solos a la calle,,Viven dentro de su hogar,Todo el tiempo,Perros,,Perros,Control de identificación | Educación,,Control de identificación,Educación,,Si
2026-03-11 22:27:24,San Francisco,Consolata,La Consolata,2736,Casa Propia,3,Gatos | Perros,Gatos,Perros,0,2,2,0,1,1,3,Si,En forma particular | Municipio,En forma particular,Municipio,,Si,Si,Si,Si,Viven dentro de su hogar,,,Viven dentro de su hogar,A veces,Perros,,Perros,Castraciones masivas | Educación,Castraciones masivas,,Educación,,Si
2026-03-11 22:28:07,San Francisco,Maipú ,Maipú,4000,Casa Propia,4,Perros,,Perros,1,1,2,0,0,0,2,Si,En forma particular | Municipio,En forma particular,Municipio,,Si,Si,Si,No,Tienen identificador | Viven dentro de su hogar,,Tienen identificador,Viven dentro de su hogar,Nunca,Perros,,Perros,Castraciones masivas | Control de identificación,Castraciones masivas,Control de identificación,,,Si
2026-03-11 22:28:08,San Francisco,el prado,El Prado,1933,Casa Propia,4,Perros,,Perros,0,1,1,0,0,0,1,Si,Municipio,,Municipio,,Si,Si,Si,No,Viven dentro de su hogar,,,Viven dentro de su hogar,A veces,Perros,,Perros,Educación,,,Educación,,Si
2026-03-11 22:32:08,San Francisco,Cottolengo ,Cottolengo,3105,Casa Propia,4,Perros,,Perros,0,1,1,0,0,0,1,Si,En forma particular,En forma particular,,,Si,Si,Si,No,Viven dentro de su hogar,,,Viven dentro de su hogar,Todo el tiempo,Perros,,Perros,Castraciones masivas | Control de identificación | Educación,Castraciones masivas,Control de identificación,Educación,,Si
2026-03-11 22:40:08,San Francisco,Sarmiento,Sarmiento,400,Casa Propia,2,Gatos | Perros,Gatos,Perros,0,1,1,0,1,1,2,Si,En forma particular,En forma particular,,,Si,Si,Si,No,Tienen identificador | Viven dentro de su hogar,,Tienen identificador,Viven dentro de su hogar,A veces,Perros,,Perros,Castraciones masivas | Control de identificación | Educación,Castraciones masivas,Control de identificación,Educación,,Si
2026-03-11 22:40:31,San Francisco,Roca,General Roca,1281,Casa en Alquiler,1,Perros,,Perros,1,2,3,0,0,0,3,Si,Municipio,,Municipio,,Si,Si,Si,Si,Viven dentro de su hogar,,,Viven dentro de su hogar,A veces,Perros,,Perros,Educación,,,Educación,,Si
2026-03-11 22:45:49,San Francisco,Velez Sarsfield,Vélez Sarsfield,1100,Casa Propia,4,Perros,,Perros,1,1,2,0,0,0,2,Si,Municipio,,Municipio,,Si,Si,Si,No,Tienen identificador | Viven dentro de su hogar,,Tienen identificador,Viven dentro de su hogar,A veces,Perros,,Perros,Control de identificación,,Control de identificación,,,Un poco
2026-03-11 22:50:18,San Francisco,Dos Hermanos ,Dos Hermanos,295,Casa Propia,3,Perros,,Perros,0,2,2,0,0,0,2,Si,Municipio,,Municipio,,Si,Si,Si,Si,Tienen identificador | Viven dentro de su hogar,,Tienen identificador,Viven dentro de su hogar,A veces,Perros,,Perros,Castraciones masivas | Control de identificación | Educación,Castraciones masivas,Control de identificación,Educación,,Si
2026-03-11 23:05:47,San Francisco,Roca ,General Roca,1900,Departamento Propio,2,Gatos,Gatos,,0,0,0,1,1,2,2,Si,En forma particular,En forma particular,,,Si,Si,Si,Si,Salen solos a la calle,Salen solos a la calle,,,Todo el tiempo,Perros,,Perros,Castraciones masivas | Educación,Castraciones masivas,,Educación,,Si
2026-03-11 23:22:12,San Francisco,Independencia,Independencia,660,Casa Propia,4,Gatos,Gatos,,0,0,0,0,1,1,1,Si,En forma particular,En forma particular,,,Si,Si,Si,No,Viven dentro de su hogar,,,Viven dentro de su hogar,Nunca,Perros,,Perros,Educación,,,Educación,,Si
2026-03-11 23:28:54,San Francisco,Roca,General Roca,828,Departamento en Alquiler,2,Gatos,Gatos,,0,0,0,0,1,1,1,Si,En forma particular,En forma particular,,,Si,Si,Si,Si,Viven dentro de su hogar,,,Viven dentro de su hogar,Todo el tiempo,Gatos,Gatos,,Castraciones masivas,Castraciones masivas,,,,Si
2026-03-12 00:51:32,San Francisco,Consolata,La Consolata,2669,Casa Propia,3,Gatos,Gatos,,0,0,0,1,0,1,1,Si,En forma particular,En forma particular,,,Si,Si,Si,No,Salen solos a la calle | Viven dentro de su hogar,Salen solos a la calle,,Viven dentro de su hogar,Todo el tiempo,Perros,,Perros,Castraciones masivas | Educación,Castraciones masivas,,Educación,,Si
2026-03-12 00:56:52,San Francisco,Independencia ,Independencia,3642,Casa Propia,4,Gatos | Perros,Gatos,Perros,1,2,3,1,0,1,4,Si,En forma particular,En forma particular,,,Si,Si,Si,No,Salen solos a la calle | Viven dentro de su hogar,Salen solos a la calle,,Viven dentro de su hogar,Todo el tiempo,Perros,,Perros,Castraciones masivas | Control de identificación | Educación,Castraciones masivas,Control de identificación,Educación,,Si
2026-03-12 06:59:10,San Francisco,Cotolengo,Cottolengo,3230,Casa Propia,3,Perros,,Perros,0,1,1,0,0,0,1,Si,Municipio,,Municipio,,Si,Si,Si,Si,Viven dentro de su hogar,,,Viven dentro de su hogar,A veces,Perros,,Perros,Castraciones masivas | Educación,Castraciones masivas,,Educación,,Si
2026-03-12 07:07:08,San Francisco,Los palmares III,Palmares 3,1908,Casa Propia,2,Perros,,Perros,2,0,2,0,0,0,2,Si,Municipio,,Municipio,,Si,Si,Si,No,Tienen identificador | Viven dentro de su hogar,,Tienen identificador,Viven dentro de su hogar,A veces,Perros,,Perros,Educación,,,Educación,,Si
2026-03-12 07:36:53,San Francisco,El Prado,El Prado,1008,Casa Propia,4,Gatos | Perros,Gatos,Perros,1,1,2,1,0,1,3,Si,En forma particular,En forma particular,,,Si,Si,No,No,Viven dentro de su hogar,,,Viven dentro de su hogar,A veces,Perros,,Perros,Educación,,,Educación,,Si
2026-03-12 07:45:46,San Francisco,Dos Hermanos,Dos Hermanos,3377,Casa Propia,4,Perros,,Perros,1,0,1,0,0,0,1,Si,En forma particular,En forma particular,,,Si,Si,Si,Si,Viven dentro de su hogar,,,Viven dentro de su hogar,Nunca,Perros,,Perros,Castraciones masivas | Educación,Castraciones masivas,,Educación,,Si
2026-03-12 07:53:16,San Francisco,Gral Roca,General Roca,79,Casa Propia,4,Gatos | Perros,Gatos,Perros,2,2,4,2,2,4,8,Si,En forma particular,En forma particular,,,Si,Si,Si,Si,Tienen identificador | Viven dentro de su hogar,,Tienen identificador,Viven dentro de su hogar,A veces,Gatos | Perros,Gatos,Perros,Castraciones masivas | Educación,Castraciones masivas,,Educación,,Si
2026-03-12 08:04:02,San Francisco,Villa golf,Villa Golf,3207,Casa Propia,2,Perros,,Perros,0,2,2,0,0,0,2,Si,En forma particular,En forma particular,,,Si,Si,Si,No,Viven dentro de su hogar,,,Viven dentro de su hogar,Todo el tiempo,Perros,,Perros,Educación,,,Educación,,Si
2026-03-12 09:49:27,San Francisco,Centro,Centro,95,Casa en Alquiler,3,Perros,,Perros,0,1,1,0,0,0,1,Si,Municipio,,Municipio,,Si,Si,Si,Si,Viven dentro de su hogar,,,Viven dentro de su hogar,A veces,Perros,,Perros,Castraciones masivas | Control de identificación,Castraciones masivas,Control de identificación,,,Si
2026-03-12 10:04:29,San Francisco,Roca,General Roca,234,Casa Propia,4,Perros,,Perros,0,1,1,0,0,0,1,Si,En forma particular,En forma particular,,,Si,Si,Si,No,Viven dentro de su hogar,,,Viven dentro de su hogar,A veces,Perros,,Perros,Castraciones masivas | Educación,Castraciones masivas,,Educación,,Si
2026-03-12 10:43:34,San Francisco,CATEDRAL,Catedral,1220,Casa Propia,5,Gatos,Gatos,,0,0,0,1,2,3,3,Si,En forma particular,En forma particular,,,Si,Si,Si,No,Viven dentro de su hogar,,,Viven dentro de su hogar,Todo el tiempo,Perros,,Perros,Castraciones masivas | Control de identificación | Educación,Castraciones masivas,Control de identificación,Educación,,Si
2026-03-12 10:46:03,San Francisco,El Prado,El Prado,2828,Casa Propia,2,Gatos | Perros,Gatos,Perros,0,2,2,1,0,1,3,Si,Municipio,,Municipio,,Si,Si,Si,Si,Viven dentro de su hogar,,,Viven dentro de su hogar,Todo el tiempo,Gatos | Perros,Gatos,Perros,Castraciones masivas,Castraciones masivas,,,,Si
2026-03-12 11:57:35,San Francisco,Dos hermanos,Dos Hermanos,3377,Casa Propia,4,Perros,,Perros,1,0,1,1,0,1,2,Si,En forma particular,En forma particular,,,Si,Si,Si,No,Viven dentro de su hogar,,,Viven dentro de su hogar,Nunca,Perros,,Perros,Educación,,,Educación,,Si
2026-03-12 12:04:54,San Francisco,Cottolengo,Cottolengo,2974,Departamento en Alquiler,1,Gatos | Perros,Gatos,Perros,0,1,1,0,1,1,2,Si,En forma particular,En forma particular,,,Si,Si,Si,Si,Tienen identificador | Viven dentro de su hogar,,Tienen identificador,Viven dentro de su hogar,A veces,Perros,,Perros,Castraciones masivas | Control de identificación | Educación,Castraciones masivas,Control de identificación,Educación,,Si
2026-03-12 12:08:16,San Francisco,Velez sarfield,Vélez Sarsfield,1026,Casa en Alquiler,4,Gatos | Perros,Gatos,Perros,1,1,2,0,2,2,4,Si,En forma particular | Municipio,En forma particular,Municipio,,Si,Si,Si,Si,Viven dentro de su hogar,,,Viven dentro de su hogar,Todo el tiempo,Gatos | Perros,Gatos,Perros,Castraciones masivas | Control de identificación | Educación,Castraciones masivas,Control de identificación,Educación,,Si
2026-03-12 12:20:56,San Francisco,Jose Hernandez ,José Hernández,2400,Casa Propia,3,Gatos | Perros,Gatos,Perros,0,2,2,1,0,1,3,Si,Municipio,,Municipio,,Si,Si,Si,Si,Salen solos a la calle | Tienen identificador | Viven dentro de su hogar,Salen solos a la calle,Tienen identificador,Viven dentro de su hogar,Todo el tiempo,Perros,,Perros,Castraciones masivas | Educación,Castraciones masivas,,Educación,,Si
2026-03-12 12:26:40,San Francisco,Hernandez,José Hernández,1524,Casa Propia,1,Perros,,Perros,0,1,1,0,0,0,1,Si,Municipio,,Municipio,,Si,Si,Si,Si,Viven dentro de su hogar,,,Viven dentro de su hogar,Todo el tiempo,Perros,,Perros,Castraciones masivas | Control de identificación | Educación,Castraciones masivas,Control de identificación,Educación,,Si
2026-03-12 12:30:46,San Francisco,Manantiales,Manantiales,2920,Casa Propia,2,Gatos | Perros,Gatos,Perros,2,0,2,0,1,1,3,Si,En forma particular,En forma particular,,,Si,Si,Si,No,Viven dentro de su hogar,,,Viven dentro de su hogar,A veces,Perros,,Perros,Castraciones masivas | Educación,Castraciones masivas,,Educación,,Si
2026-03-12 12:44:19,San Francisco,Iturraspe ,Iturraspe,932,Casa Propia,1,Perros,,Perros,1,1,2,0,0,0,2,No,No se encuentra castrada.,,,No se encuentra castrada.,Si,Si,Si,Si,Viven dentro de su hogar,,,Viven dentro de su hogar,Todo el tiempo,Perros,,Perros,Castraciones masivas | Control de identificación | Educación,Castraciones masivas,Control de identificación,Educación,,Si
2026-03-12 13:05:23,San Francisco,Roca,General Roca,1730,Casa Propia,3,Perros,,Perros,1,0,1,0,0,0,1,No,No se encuentra castrada.,,,No se encuentra castrada.,Si,Si,Si,Si,Viven dentro de su hogar,,,Viven dentro de su hogar,Todo el tiempo,Perros,,Perros,No es necesaria la participación del municipio,,,,No es necesaria la participación del municipio,Si
2026-03-12 13:05:51,San Francisco,cotolengo,Cottolengo,3063,Departamento Propio,4,Perros,,Perros,0,1,1,0,0,0,1,Si,Municipio,,Municipio,,No,Si,Si,No,Viven dentro de su hogar,,,Viven dentro de su hogar,Nunca,Perros,,Perros,Control de identificación | Educación,,Control de identificación,Educación,,No
2026-03-12 13:15:34,San Francisco,Villa Golf,Villa Golf,3034,Casa Propia,2,Perros,,Perros,0,1,1,0,0,0,1,Si,En forma particular,En forma particular,,,Si,Si,Si,Si,Viven dentro de su hogar,,,Viven dentro de su hogar,Todo el tiempo,Perros,,Perros,Castraciones masivas | Control de identificación | Educación,Castraciones masivas,Control de identificación,Educación,,Si
2026-03-12 13:19:34,San Francisco,Bouchard ,Bouchard,1333,Casa Propia,7,Perros,,Perros,0,2,2,0,0,0,2,Si,Municipio,,Municipio,,Si,Si,Si,Si,Tienen identificador | Viven dentro de su hogar,,Tienen identificador,Viven dentro de su hogar,Todo el tiempo,Gatos | Perros,Gatos,Perros,Castraciones masivas | Control de identificación | Educación,Castraciones masivas,Control de identificación,Educación,,Si
2026-03-12 13:19:54,San Francisco,Roca,General Roca,2516,Casa Propia,3,Gatos,Gatos,,1,0,1,0,0,0,1,Si,En forma particular,En forma particular,,,Si,Si,Si,Si,Viven dentro de su hogar,,,Viven dentro de su hogar,Todo el tiempo,Perros,,Perros,Castraciones masivas | Educación,Castraciones masivas,,Educación,,Si
2026-03-12 13:20:04,Frontera,Santa Teresita,Santa Teresita,900,Casa en Alquiler,2,Perros,,Perros,2,2,4,0,0,0,4,Si,En forma particular,En forma particular,,,Si,Si,Si,Si,Tienen identificador | Viven dentro de su hogar,,Tienen identificador,Viven dentro de su hogar,Todo el tiempo,Perros,,Perros,Castraciones masivas | Control de identificación | Educación,Castraciones masivas,Control de identificación,Educación,,Si
2026-03-12 13:23:59,San Francisco,Bv. Roca,General Roca,2435,Casa Propia,4,Perros,,Perros,0,1,1,0,0,0,1,Si,En forma particular,En forma particular,,,Si,Si,Si,Si,Viven dentro de su hogar,,,Viven dentro de su hogar,Todo el tiempo,Perros,,Perros,Castraciones masivas,Castraciones masivas,,,,Si
2026-03-12 13:31:09,San Francisco,Chacras del norte,Chacras del Norte,3080,Casa Propia,2,Gatos,Gatos,,0,0,0,1,0,1,1,Si,Municipio,,Municipio,,Si,No,Si,No,Salen solos a la calle,Salen solos a la calle,,,A veces,Perros,,Perros,Control de identificación,,Control de identificación,,,Si
2026-03-12 13:48:57,San Francisco,Catedral ,Catedral,328,Casa en Alquiler,1,Gatos,Gatos,,1,0,1,1,0,1,2,No,No se encuentra castrada.,,,No se encuentra castrada.,Si,Si,Si,Si,Viven dentro de su hogar,,,Viven dentro de su hogar,Todo el tiempo,Perros,,Perros,Castraciones masivas,Castraciones masivas,,,,Si
2026-03-12 14:13:55,San Francisco,Roca,General Roca,540,Casa en Alquiler,2,Gatos,Gatos,,0,0,0,0,1,1,1,Si,Municipio,,Municipio,,Si,Si,Si,No,Viven dentro de su hogar,,,Viven dentro de su hogar,Todo el tiempo,Perros,,Perros,Castraciones masivas | Control de identificación,Castraciones masivas,Control de identificación,,,Si
2026-03-12 14:29:15,San Francisco,Roca,General Roca,235,Casa Propia,4,Perros,,Perros,1,1,2,0,0,0,2,Si,Municipio,,Municipio,,Si,Si,Si,Si,Viven dentro de su hogar,,,Viven dentro de su hogar,Todo el tiempo,Perros,,Perros,Castraciones masivas | Control de identificación | Educación,Castraciones masivas,Control de identificación,Educación,,Si
2026-03-12 15:05:19,San Francisco,barrio parque ,Barrio Parque,1202,Casa Propia,5,Gatos | Perros,Gatos,Perros,1,0,1,0,2,2,3,Si,Municipio,,Municipio,,Si,Si,Si,Si,Viven dentro de su hogar,,,Viven dentro de su hogar,Todo el tiempo,Perros,,Perros,Control de identificación,,Control de identificación,,,Si
2026-03-12 15:51:17,San Francisco,José Hernández ,José Hernández,2598,Casa Propia,2,Gatos,Gatos,,0,0,0,1,1,2,2,Si,En forma particular,En forma particular,,,Si,No,Si,Si,Viven dentro de su hogar,,,Viven dentro de su hogar,Todo el tiempo,Perros,,Perros,Castraciones masivas | Control de identificación | Educación,Castraciones masivas,Control de identificación,Educación,,Si
2026-03-12 16:25:44,San Francisco,Roca,General Roca,733,Casa Propia,3,Perros,,Perros,1,0,1,0,0,0,1,Si,En forma particular,En forma particular,,,Si,Si,Si,Si,Viven dentro de su hogar,,,Viven dentro de su hogar,A veces,Perros,,Perros,Control de identificación,,Control de identificación,,,Si
2026-03-12 16:29:09,San Francisco,Roca,General Roca,886,Casa en Alquiler,1,Perros,,Perros,0,2,2,0,0,0,2,Si,Municipio,,Municipio,,Si,Si,Si,No,Viven dentro de su hogar,,,Viven dentro de su hogar,A veces,Perros,,Perros,Educación,,,Educación,,Si
2026-03-12 16:32:19,San Francisco,Cotolengo,Cottolengo,855,Casa en Alquiler,3,Perros,,Perros,1,1,2,0,0,0,2,Si,Municipio,,Municipio,,Si,Si,Si,No,Viven dentro de su hogar,,,Viven dentro de su hogar,A veces,Perros,,Perros,Castraciones masivas | Control de identificación | Educación,Castraciones masivas,Control de identificación,Educación,,Si
2026-03-12 16:41:57,San Francisco,La Milka,La Milka,451,Casa Propia,2,Perros,,Perros,0,1,1,0,0,0,1,No,No se encuentra castrada.,,,No se encuentra castrada.,Si,Si,Si,Si,Viven dentro de su hogar,,,Viven dentro de su hogar,Todo el tiempo,Perros,,Perros,Castraciones masivas | Control de identificación | Educación,Castraciones masivas,Control de identificación,Educación,,Si
2026-03-12 17:06:46,San Francisco,Jardín,Jardín,1400,Casa en Alquiler,2,Gatos,Gatos,,0,0,0,0,2,2,2,Si,Municipio,,Municipio,,Si,Si,Si,Si,Tienen identificador | Viven dentro de su hogar,,Tienen identificador,Viven dentro de su hogar,Todo el tiempo,Gatos,Gatos,,Castraciones masivas | Control de identificación | Educación,Castraciones masivas,Control de identificación,Educación,,Si
2026-03-12 17:37:02,San Francisco,La Milka ,La Milka,1917,Departamento Propio,2,Perros,,Perros,0,1,1,0,0,0,1,Si,En forma particular,En forma particular,,,Si,Si,Si,Si,Viven dentro de su hogar,,,Viven dentro de su hogar,Todo el tiempo,Perros,,Perros,Castraciones masivas | Control de identificación | Educación,Castraciones masivas,Control de identificación,Educación,,Si
2026-03-12 19:08:09,San Francisco,Palmares 1,Palmares 1,1637,Casa en Alquiler,1,Gatos | Perros,Gatos,Perros,0,1,1,2,1,3,4,Si,En forma particular,En forma particular,,,Si,Si,Si,Si,Viven dentro de su hogar,,,Viven dentro de su hogar,Todo el tiempo,Gatos | Perros,Gatos,Perros,Educación,,,Educación,,Si
2026-03-12 20:32:45,San Francisco,JARDIN,Jardín,1136,Casa Propia,1,Perros,,Perros,1,0,1,0,0,0,1,Si,Municipio,,Municipio,,Si,Si,Si,Si,Viven dentro de su hogar,,,Viven dentro de su hogar,Todo el tiempo,Perros,,Perros,Control de identificación,,Control de identificación,,,Si
2026-03-12 22:17:38,San Francisco,20 de junio ,20 de Junio,3838,Casa Propia,4,Perros,,Perros,1,0,1,0,0,0,1,No,No se encuentra castrada.,,,No se encuentra castrada.,Si,Si,Si,Si,Viven dentro de su hogar,,,Viven dentro de su hogar,A veces,Gatos | Perros,Gatos,Perros,Castraciones masivas | Educación,Castraciones masivas,,Educación,,Si
2026-03-12 22:36:22,San Francisco,Roca,General Roca,2515,Casa en Alquiler,1,Perros,,Perros,1,1,2,0,0,0,2,Si,En forma particular,En forma particular,,,Si,Si,Si,Si,Viven dentro de su hogar,,,Viven dentro de su hogar,Todo el tiempo,Gatos,Gatos,,Castraciones masivas,Castraciones masivas,,,,Si
2026-03-12 22:54:02,San Francisco,Catedral,Catedral,919,Departamento Propio,1,Perros,,Perros,0,1,1,0,0,0,1,Si,En forma particular,En forma particular,,,Si,Si,Si,No,Viven dentro de su hogar,,,Viven dentro de su hogar,A veces,Perros,,Perros,Castraciones masivas | Control de identificación,Castraciones masivas,Control de identificación,,,Si
2026-03-13 07:33:59,San Francisco,Los palmares ,Palmares,2000,Casa Propia,5,Perros,,Perros,0,1,1,0,0,0,1,Si,Municipio,,Municipio,,Si,Si,Si,No,Viven dentro de su hogar,,,Viven dentro de su hogar,A veces,Perros,,Perros,Control de identificación,,Control de identificación,,,Un poco
2026-03-13 10:06:29,San Francisco,Ayres del golf,Ayres del Golf,3640,Casa Propia,5,Perros,,Perros,4,0,4,0,0,0,4,Si,En forma particular,En forma particular,,,Si,Si,Si,Si,Viven dentro de su hogar,,,Viven dentro de su hogar,Nunca,Perros,,Perros,Control de identificación,,Control de identificación,,,Si
2026-03-13 11:36:24,San Francisco,Velez sarsfield,Vélez Sarsfield,1681,Casa en Alquiler,4,Perros,,Perros,0,3,3,0,0,0,3,Si,En forma particular,En forma particular,,,Si,Si,Si,No,Viven dentro de su hogar,,,Viven dentro de su hogar,A veces,Perros,,Perros,Control de identificación,,Control de identificación,,,Si
2026-03-13 12:55:33,San Francisco,Catedral,Catedral,512,Casa Propia,3,Gatos | Perros,Gatos,Perros,1,2,3,1,0,1,4,Si,En forma particular | Municipio,En forma particular,Municipio,,Si,Si,Si,Si,Viven dentro de su hogar,,,Viven dentro de su hogar,Todo el tiempo,Gatos | Perros,Gatos,Perros,Castraciones masivas | Control de identificación,Castraciones masivas,Control de identificación,,,Si
2026-03-13 12:58:45,San Francisco,Centro ,Centro,15,Departamento Propio,2,Perros,,Perros,1,0,1,0,0,0,1,Si,Municipio,,Municipio,,Si,Si,Si,No,Tienen identificador | Viven dentro de su hogar,,Tienen identificador,Viven dentro de su hogar,Todo el tiempo,Perros,,Perros,Castraciones masivas | Control de identificación | Educación,Castraciones masivas,Control de identificación,Educación,,Si
2026-03-13 13:41:52,San Francisco,20 de junio,20 de Junio,4018,Casa Propia,5,Gatos | Perros,Gatos,Perros,2,0,2,0,1,1,3,Si,En forma particular | Municipio,En forma particular,Municipio,,Si,Si,Si,No,Viven dentro de su hogar,,,Viven dentro de su hogar,A veces,Perros,,Perros,Castraciones masivas,Castraciones masivas,,,,Si
2026-03-13 13:46:35,San Francisco,parque,Parque,1156,Casa Propia,5,Perros,,Perros,0,2,2,0,0,0,2,No,No se encuentra castrada.,,,No se encuentra castrada.,Si,Si,Si,Si,Viven dentro de su hogar,,,Viven dentro de su hogar,Todo el tiempo,Perros,,Perros,Castraciones masivas | Educación,Castraciones masivas,,Educación,,Si
2026-03-13 13:52:11,San Francisco,José Hernández ,José Hernández,1589,Casa Propia,5,Perros,,Perros,0,1,1,0,0,0,1,No,No se encuentra castrada.,,,No se encuentra castrada.,Si,Si,Si,Si,Viven dentro de su hogar,,,Viven dentro de su hogar,Todo el tiempo,Perros,,Perros,Castraciones masivas,Castraciones masivas,,,,Si
2026-03-13 13:54:44,San Francisco,Boero romano,Boero Romano,485,Casa Propia,4,Perros,,Perros,0,1,1,0,0,0,1,Si,En forma particular,En forma particular,,,Si,Si,Si,Si,Viven dentro de su hogar,,,Viven dentro de su hogar,A veces,Perros,,Perros,Castraciones masivas | Educación,Castraciones masivas,,Educación,,Si
2026-03-13 13:59:14,San Francisco,Roca,General Roca,2004,Casa Propia,4,Gatos,Gatos,,0,0,0,0,1,1,1,Si,En forma particular,En forma particular,,,Si,Si,Si,Si,Viven dentro de su hogar,,,Viven dentro de su hogar,A veces,Gatos,Gatos,,Castraciones masivas,Castraciones masivas,,,,Si
2026-03-13 14:37:28,San Francisco,Roca,General Roca,2577,Casa en Alquiler,2,Gatos | Perros,Gatos,Perros,0,1,1,1,1,2,3,Si,En forma particular,En forma particular,,,Si,Si,Si,Si,Viven dentro de su hogar,,,Viven dentro de su hogar,Todo el tiempo,Perros,,Perros,Castraciones masivas | Educación,Castraciones masivas,,Educación,,Si
2026-03-13 15:06:14,San Francisco,Cotolengo,Cottolengo,2930,Casa Propia,2,Perros,,Perros,2,0,2,0,0,0,2,No,No se encuentra castrada.,,,No se encuentra castrada.,No,Si,Si,Si,Viven dentro de su hogar,,,Viven dentro de su hogar,Todo el tiempo,Perros,,Perros,Castraciones masivas | Control de identificación | Educación,Castraciones masivas,Control de identificación,Educación,,Si
2026-03-13 15:13:15,San Francisco,La milka ,La Milka,2097,Departamento Propio,0,Perros,,Perros,1,0,1,0,0,0,1,Si,En forma particular,En forma particular,,,Si,Si,Si,Si,Viven dentro de su hogar,,,Viven dentro de su hogar,Todo el tiempo,Perros,,Perros,Castraciones masivas | Control de identificación | Educación,Castraciones masivas,Control de identificación,Educación,,Si
2026-03-13 15:58:27,San Francisco,Procrear ,La Milka,1900,Casa Propia,0,Gatos,Gatos,,0,0,0,2,0,2,2,Si,Municipio,,Municipio,,Si,Si,Si,No,Viven dentro de su hogar,,,Viven dentro de su hogar,Todo el tiempo,Perros,,Perros,Control de identificación | Educación,,Control de identificación,Educación,,Si
2026-03-13 15:59:28,San Francisco,La Milka (Loteo Procrear),La Milka,326,Departamento Propio,3,Gatos,Gatos,,0,0,0,2,1,3,3,Si,Municipio,,Municipio,,Si,Si,Si,No,Salen solos a la calle | Viven dentro de su hogar,Salen solos a la calle,,Viven dentro de su hogar,Todo el tiempo,Perros,,Perros,Castraciones masivas | Control de identificación | Educación,Castraciones masivas,Control de identificación,Educación,,Si
2026-03-13 16:01:07,San Francisco,Nuevo centro,Nuevo Centro,2959,Casa Propia,2,Perros,,Perros,1,0,1,0,0,0,1,No,No se encuentra castrada.,,,No se encuentra castrada.,Si,Si,Si,Si,Viven dentro de su hogar,,,Viven dentro de su hogar,Nunca,Perros,,Perros,Castraciones masivas | Control de identificación | Educación,Castraciones masivas,Control de identificación,Educación,,Un poco
2026-03-13 16:13:54,San Francisco,Catedral ,Catedral,2040,Casa en Alquiler,4,Perros,,Perros,1,0,1,0,0,0,1,No,No se encuentra castrada.,,,No se encuentra castrada.,Si,Si,Si,Si,Viven dentro de su hogar,,,Viven dentro de su hogar,A veces,Perros,,Perros,Control de identificación,,Control de identificación,,,Un poco
2026-03-13 16:19:26,San Francisco,Catedral,Catedral,749,Casa en Alquiler,3,Perros,,Perros,2,0,2,0,0,0,2,Si,En forma particular,En forma particular,,,Si,Si,Si,Si,Viven dentro de su hogar,,,Viven dentro de su hogar,A veces,Perros,,Perros,Castraciones masivas | Educación,Castraciones masivas,,Educación,,Si
2026-03-13 16:27:21,San Francisco,Bouchard,Bouchard,1354,Casa Propia,2,Perros,,Perros,0,2,2,0,0,0,2,Si,En forma particular,En forma particular,,,Si,Si,Si,Si,Viven dentro de su hogar,,,Viven dentro de su hogar,Todo el tiempo,Perros,,Perros,Control de identificación,,Control de identificación,,,Si
2026-03-13 16:29:09,San Francisco,Sarmiento,Sarmiento,674,Casa en Alquiler,3,Gatos,Gatos,,0,0,0,1,0,1,1,Si,Municipio,,Municipio,,No,Si,Si,No,Salen solos a la calle | Viven dentro de su hogar,Salen solos a la calle,,Viven dentro de su hogar,A veces,Perros,,Perros,Control de identificación | Educación,,Control de identificación,Educación,,Un poco
2026-03-13 16:31:26,San Francisco,La Milka - Sector Procrear,La Milka,450,Casa Propia,2,Gatos | Perros,Gatos,Perros,1,3,4,1,0,1,5,Si,En forma particular | Municipio,En forma particular,Municipio,,Si,Si,Si,Si,Tienen identificador | Viven dentro de su hogar,,Tienen identificador,Viven dentro de su hogar,Todo el tiempo,Perros,,Perros,Castraciones masivas | Control de identificación,Castraciones masivas,Control de identificación,,,Si
2026-03-13 16:41:16,San Francisco,La Milka ,La Milka,343,Casa Propia,3,Perros,,Perros,0,1,1,0,0,0,1,Si,Municipio,,Municipio,,Si,No,No,No,Viven dentro de su hogar,,,Viven dentro de su hogar,Todo el tiempo,Perros,,Perros,Castraciones masivas,Castraciones masivas,,,,Si
2026-03-13 16:42:15,San Francisco,Roca,General Roca,462,Casa Propia,4,Gatos | Perros,Gatos,Perros,1,1,2,1,2,3,5,Si,Municipio,,Municipio,,Si,Si,Si,Si,Tienen identificador | Viven dentro de su hogar,,Tienen identificador,Viven dentro de su hogar,Todo el tiempo,Perros,,Perros,Castraciones masivas | Educación,Castraciones masivas,,Educación,,Si
2026-03-13 16:47:42,San Francisco,Procrear,La Milka,430,Departamento Propio,2,Gatos,Gatos,,0,0,0,1,1,2,2,Si,Municipio,,Municipio,,Si,Si,Si,Si,Viven dentro de su hogar,,,Viven dentro de su hogar,Todo el tiempo,Gatos | Perros,Gatos,Perros,Educación | No es necesaria la participación del municipio,,,Educación,No es necesaria la participación del municipio,Si
2026-03-13 17:03:54,San Francisco,La Milka - Procrear ,La Milka,2046,Casa Propia,4,Gatos | Perros,Gatos,Perros,1,1,2,1,0,1,3,Si,En forma particular | Municipio,En forma particular,Municipio,,Si,Si,Si,Si,Tienen identificador | Viven dentro de su hogar,,Tienen identificador,Viven dentro de su hogar,Todo el tiempo,Gatos | Perros,Gatos,Perros,Castraciones masivas | Control de identificación | Educación,Castraciones masivas,Control de identificación,Educación,,Si
2026-03-13 17:38:02,San Francisco,Parque ,Barrio Parque,856,Casa Propia,3,Gatos | Perros,Gatos,Perros,3,4,7,2,2,4,11,Si,Municipio,,Municipio,,Si,Si,Si,Si,Viven dentro de su hogar,,,Viven dentro de su hogar,Todo el tiempo,Gatos | Perros,Gatos,Perros,Castraciones masivas | Control de identificación | Educación,Castraciones masivas,Control de identificación,Educación,,Si
2026-03-13 17:42:26,San Francisco,Palmares 2 ,Palmares 2,1832,Casa Propia,3,Perros,,Perros,> 5,0,> 5,0,0,0,> 5,Si,Municipio,,Municipio,,Si,Si,No,No,Viven dentro de su hogar,,,Viven dentro de su hogar,Todo el tiempo,Perros,,Perros,Castraciones masivas | Control de identificación,Castraciones masivas,Control de identificación,,,Si
2026-03-13 17:44:21,San Francisco,Roca,General Roca,2366,Casa Propia,2,Perros,,Perros,0,2,2,0,0,0,2,Si,Municipio,,Municipio,,Si,Si,Si,No,Viven dentro de su hogar,,,Viven dentro de su hogar,A veces,Perros,,Perros,Castraciones masivas | Control de identificación | Educación,Castraciones masivas,Control de identificación,Educación,,Si
2026-03-13 17:56:45,San Francisco,Sarmiento ,Sarmiento,934,Casa Propia,1,Gatos,Gatos,,0,0,0,2,1,3,3,Si,Municipio,,Municipio,,Si,Si,Si,Si,Salen solos a la calle,Salen solos a la calle,,,A veces,Perros,,Perros,Castraciones masivas | Educación,Castraciones masivas,,Educación,,Si
2026-03-13 18:11:11,San Francisco,Sarmiento ,Sarmiento,800,Casa en Alquiler,2,Gatos | Perros,Gatos,Perros,2,2,4,2,1,3,7,Si,Municipio,,Municipio,,Si,No,No,No,Viven dentro de su hogar,,,Viven dentro de su hogar,Todo el tiempo,Perros,,Perros,Castraciones masivas | Control de identificación | Educación,Castraciones masivas,Control de identificación,Educación,,Un poco
2026-03-13 18:13:34,San Francisco,El prado,El Prado,1300,Casa Propia,2,Gatos | Perros,Gatos,Perros,3,1,4,1,1,2,6,Si,En forma particular,En forma particular,,,Si,Si,Si,Si,Viven dentro de su hogar,,,Viven dentro de su hogar,Todo el tiempo,Gatos | Perros,Gatos,Perros,Castraciones masivas | Control de identificación | Educación,Castraciones masivas,Control de identificación,Educación,,Si
2026-03-13 18:31:44,San Francisco,Consolata ,La Consolata,227,Casa en Alquiler,2,Gatos | Perros,Gatos,Perros,0,2,2,0,1,1,3,Si,En forma particular | Municipio,En forma particular,Municipio,,Si,Si,Si,Si,Viven dentro de su hogar,,,Viven dentro de su hogar,A veces,Perros,,Perros,Castraciones masivas | Control de identificación | Educación,Castraciones masivas,Control de identificación,Educación,,Si
2026-03-13 18:35:19,San Francisco,San Martín,San Martín,1226,Casa en Alquiler,5,Perros,,Perros,1,2,3,0,0,0,3,Si,Municipio,,Municipio,,Si,Si,Si,No,Salen solos a la calle | Viven dentro de su hogar,Salen solos a la calle,,Viven dentro de su hogar,A veces,Perros,,Perros,Castraciones masivas | Educación,Castraciones masivas,,Educación,,Si
2026-03-13 18:41:48,San Francisco,Loteo Manantiales,Manantiales,3194,Casa Propia,2,Gatos | Perros,Gatos,Perros,3,3,6,0,1,1,7,Si,En forma particular | Municipio,En forma particular,Municipio,,Si,Si,Si,Si,Viven dentro de su hogar,,,Viven dentro de su hogar,A veces,Perros,,Perros,Castraciones masivas | Educación,Castraciones masivas,,Educación,,Si
2026-03-13 18:49:38,San Francisco,Palmares 1,Palmares 1,1810,Casa Propia,4,Perros,,Perros,1,1,2,0,0,0,2,Si,En forma particular | Municipio,En forma particular,Municipio,,Si,Si,Si,No,Viven dentro de su hogar,,,Viven dentro de su hogar,A veces,Perros,,Perros,Castraciones masivas | Educación,Castraciones masivas,,Educación,,Si
2026-03-13 19:12:06,San Francisco,Velez Sarsfield ,Vélez Sarsfield,1400,Casa Propia,1,Perros,,Perros,2,1,3,0,0,0,3,Si,En forma particular,En forma particular,,,Si,Si,Si,Si,Viven dentro de su hogar,,,Viven dentro de su hogar,Todo el tiempo,Gatos | Perros,Gatos,Perros,Castraciones masivas | Educación,Castraciones masivas,,Educación,,Si
2026-03-13 19:20:15,San Francisco,Consolata,La Consolata,2554,Casa Propia,3,Gatos,Gatos,,0,0,0,1,0,1,1,Si,Municipio,,Municipio,,Si,Si,Si,Si,Viven dentro de su hogar,,,Viven dentro de su hogar,A veces,Perros,,Perros,Castraciones masivas | Educación,Castraciones masivas,,Educación,,Si
2026-03-13 20:24:33,San Francisco,cottolengo,Cottolengo,3055,Casa Propia,5,Perros,,Perros,1,1,2,0,0,0,2,Si,En forma particular,En forma particular,,,Si,Si,Si,No,Viven dentro de su hogar,,,Viven dentro de su hogar,A veces,Perros,,Perros,Castraciones masivas,Castraciones masivas,,,,Si
2026-03-13 20:28:48,San Francisco,Roca,General Roca,264,Casa Propia,3,Gatos | Perros,Gatos,Perros,1,1,2,0,1,1,3,Si,Municipio,,Municipio,,Si,Si,Si,Si,Viven dentro de su hogar,,,Viven dentro de su hogar,A veces,Perros,,Perros,Castraciones masivas | Educación,Castraciones masivas,,Educación,,Si
2026-03-13 20:48:04,San Francisco,Roca,General Roca,923,Casa Propia,2,Perros,,Perros,0,1,1,0,0,0,1,Si,En forma particular,En forma particular,,,Si,Si,Si,Si,Tienen identificador | Viven dentro de su hogar,,Tienen identificador,Viven dentro de su hogar,A veces,Perros,,Perros,Castraciones masivas | Control de identificación | Educación,Castraciones masivas,Control de identificación,Educación,,Si
2026-03-13 20:59:55,San Francisco,20 de junio,20 de Junio,1005,Casa Propia,1,Gatos | Perros,Gatos,Perros,0,1,1,1,2,3,4,Si,En forma particular | Municipio,En forma particular,Municipio,,Si,Si,Si,No,Viven dentro de su hogar,,,Viven dentro de su hogar,Nunca,Perros,,Perros,No es necesaria la participación del municipio,,,,No es necesaria la participación del municipio,Si
2026-03-13 21:03:59,San Francisco,Palmarés III ,Palmares 3,2459,Casa en Alquiler,2,Gatos | Perros,Gatos,Perros,1,1,2,1,1,2,4,Si,Municipio,,Municipio,,Si,Si,Si,No,Tienen identificador | Viven dentro de su hogar,,Tienen identificador,Viven dentro de su hogar,A veces,Perros,,Perros,Castraciones masivas | Control de identificación | Educación,Castraciones masivas,Control de identificación,Educación,,Si
2026-03-13 21:21:40,San Francisco,Brisas del sur,Brisas del Sur,1789,Casa Propia,3,Perros,,Perros,0,1,1,0,0,0,1,Si,En forma particular,En forma particular,,,Si,Si,Si,Si,Viven dentro de su hogar,,,Viven dentro de su hogar,A veces,Perros,,Perros,Castraciones masivas | Control de identificación | Educación,Castraciones masivas,Control de identificación,Educación,,Si
2026-03-13 21:56:08,San Francisco,Catedral,Catedral,339,Casa Propia,1,Perros,,Perros,1,1,2,0,0,0,2,Si,Municipio,,Municipio,,Si,Si,Si,No,Salen solos a la calle | Viven dentro de su hogar,Salen solos a la calle,,Viven dentro de su hogar,A veces,Perros,,Perros,Castraciones masivas | Educación,Castraciones masivas,,Educación,,Si
2026-03-13 22:08:20,San Francisco,Palmares,Palmares,1700,Casa Propia,1,Gatos,Gatos,,0,0,0,0,1,1,1,Si,Municipio,,Municipio,,Si,Si,Si,Si,Viven dentro de su hogar,,,Viven dentro de su hogar,Todo el tiempo,Gatos | Perros,Gatos,Perros,Control de identificación | Educación,,Control de identificación,Educación,,Si
2026-03-13 22:49:09,San Francisco,Loteo Los Manantiales ,Manantiales,3100,Casa Propia,2,Gatos | Perros,Gatos,Perros,3,3,6,0,1,1,7,Si,En forma particular,En forma particular,,,Si,No,Si,Si,Viven dentro de su hogar,,,Viven dentro de su hogar,A veces,Perros,,Perros,Castraciones masivas | Control de identificación | Educación,Castraciones masivas,Control de identificación,Educación,,Un poco
2026-03-13 23:22:20,San Francisco,Villa golf ,Villa Golf,1840,Casa Propia,3,Perros,,Perros,2,1,3,0,0,0,3,Si,En forma particular | Municipio,En forma particular,Municipio,,Si,Si,Si,Si,Tienen identificador | Viven dentro de su hogar,,Tienen identificador,Viven dentro de su hogar,A veces,Perros,,Perros,Castraciones masivas | Control de identificación | Educación,Castraciones masivas,Control de identificación,Educación,,Si
2026-03-13 23:55:15,San Francisco,José hernandez,José Hernández,1805,Casa en Alquiler,3,Gatos | Perros,Gatos,Perros,0,3,3,2,2,4,7,Si,Municipio,,Municipio,,Si,Si,Si,Si,Viven dentro de su hogar,,,Viven dentro de su hogar,Todo el tiempo,Gatos | Perros,Gatos,Perros,Castraciones masivas | Control de identificación | Educación,Castraciones masivas,Control de identificación,Educación,,Si
2026-03-14 06:48:32,San Francisco,Roca,General Roca,630,Casa Propia,2,Perros,,Perros,1,0,1,1,0,1,2,Si,En forma particular,En forma particular,,,Si,Si,Si,Si,Tienen identificador | Viven dentro de su hogar,,Tienen identificador,Viven dentro de su hogar,A veces,Perros,,Perros,Castraciones masivas | Control de identificación | Educación,Castraciones masivas,Control de identificación,Educación,,Si
2026-03-14 08:32:43,San Francisco,General Paz ,General Paz,406,Departamento Propio,1,Perros,,Perros,2,1,3,0,0,0,3,Si,Municipio,,Municipio,,Si,Si,Si,Si,Viven dentro de su hogar,,,Viven dentro de su hogar,A veces,Perros,,Perros,Castraciones masivas | Control de identificación | Educación,Castraciones masivas,Control de identificación,Educación,,Si
2026-03-14 09:16:08,San Francisco,Consolata,La Consolata,2371,Casa Propia,4,Perros,,Perros,1,1,2,0,0,0,2,Si,En forma particular,En forma particular,,,Si,Si,Si,Si,Salen solos a la calle | Tienen identificador | Viven dentro de su hogar,Salen solos a la calle,Tienen identificador,Viven dentro de su hogar,Todo el tiempo,Perros,,Perros,Castraciones masivas | Educación,Castraciones masivas,,Educación,,Si
2026-03-14 10:10:16,San Francisco,Sarmiento,Sarmiento,300,Casa Propia,4,Perros,,Perros,1,0,1,0,0,0,1,No,No se encuentra castrada.,,,No se encuentra castrada.,Si,Si,Si,Si,Viven dentro de su hogar,,,Viven dentro de su hogar,A veces,Perros,,Perros,Educación,,,Educación,,Si
2026-03-14 10:13:50,San Francisco,Sarmiento ,Sarmiento,800,Casa Propia,3,Gatos | Perros,Gatos,Perros,2,2,4,1,0,1,5,Si,En forma particular,En forma particular,,,Si,Si,Si,Si,Viven dentro de su hogar,,,Viven dentro de su hogar,Todo el tiempo,Perros,,Perros,Castraciones masivas | Control de identificación | Educación,Castraciones masivas,Control de identificación,Educación,,Si
2026-03-14 10:16:30,San Francisco,sarmiento,Sarmiento,742,Casa Propia,2,Perros,,Perros,0,3,3,0,0,0,3,Si,Municipio,,Municipio,,Si,Si,Si,No,Viven dentro de su hogar,,,Viven dentro de su hogar,Todo el tiempo,Gatos | Perros,Gatos,Perros,Castraciones masivas | Control de identificación,Castraciones masivas,Control de identificación,,,Si
2026-03-14 10:35:06,San Francisco,Catedral 2134,Catedral,2134,Casa en Alquiler,3,Perros,,Perros,1,0,1,0,0,0,1,No,No se encuentra castrada.,,,No se encuentra castrada.,Si,Si,Si,No,Viven dentro de su hogar,,,Viven dentro de su hogar,A veces,Perros,,Perros,Castraciones masivas | Control de identificación,Castraciones masivas,Control de identificación,,,Si
2026-03-14 10:58:31,San Francisco,Sarmiento ,Sarmiento,864,Casa Propia,3,Gatos | Perros,Gatos,Perros,0,1,1,1,1,2,3,Si,Municipio,,Municipio,,Si,Si,No,No,Viven dentro de su hogar,,,Viven dentro de su hogar,Todo el tiempo,Perros,,Perros,Castraciones masivas | Control de identificación,Castraciones masivas,Control de identificación,,,Si
2026-03-14 11:01:28,Josefina,Zona urbana ,Zona Urbana,617,Casa Propia,4,Gatos | Perros,Gatos,Perros,2,0,2,1,0,1,3,Si,Municipio,,Municipio,,Si,Si,Si,No,Viven dentro de su hogar,,,Viven dentro de su hogar,A veces,Perros,,Perros,Control de identificación,,Control de identificación,,,Si
2026-03-14 11:05:46,San Francisco,Sarmiento ,Sarmiento,943,Casa Propia,3,Perros,,Perros,0,1,1,0,0,0,1,Si,En forma particular,En forma particular,,,Si,Si,Si,Si,Viven dentro de su hogar,,,Viven dentro de su hogar,Todo el tiempo,Gatos | Perros,Gatos,Perros,Castraciones masivas,Castraciones masivas,,,,Si
2026-03-14 11:34:18,Frontera,Francucci ,Francucci,234,Casa Propia,4,Perros,,Perros,2,2,4,0,0,0,4,Si,Municipio,,Municipio,,Si,Si,Si,Si,Viven dentro de su hogar,,,Viven dentro de su hogar,A veces,Perros,,Perros,Castraciones masivas,Castraciones masivas,,,,Si
2026-03-14 12:16:18,San Francisco,Palmares,Palmares,1648,Casa en Alquiler,2,Perros,,Perros,0,1,1,0,0,0,1,Si,Municipio,,Municipio,,Si,Si,Si,Si,Tienen identificador | Viven dentro de su hogar,,Tienen identificador,Viven dentro de su hogar,A veces,Perros,,Perros,Castraciones masivas,Castraciones masivas,,,,Si
2026-03-14 13:49:25,San Francisco,Palmares 3,Palmares 3,2270,Casa Propia,4,Gatos,Gatos,,0,0,0,2,0,2,2,Si,En forma particular | Municipio,En forma particular,Municipio,,Si,Si,Si,Si,Viven dentro de su hogar,,,Viven dentro de su hogar,A veces,Gatos,Gatos,,Castraciones masivas | Educación,Castraciones masivas,,Educación,,Si
2026-03-14 13:53:50,San Francisco,Sarmiento,Sarmiento,81,Departamento en Alquiler,4,Perros,,Perros,1,0,1,0,0,0,1,No,No se encuentra castrada.,,,No se encuentra castrada.,No,Si,Si,Si,Viven dentro de su hogar,,,Viven dentro de su hogar,Todo el tiempo,Perros,,Perros,Castraciones masivas | Control de identificación | Educación,Castraciones masivas,Control de identificación,Educación,,Si
2026-03-14 14:03:05,San Francisco,Palmares II ,Palmares 2,1738,Casa en Alquiler,1,Perros,,Perros,0,2,2,0,0,0,2,Si,En forma particular | Municipio,En forma particular,Municipio,,Si,Si,Si,Si,Viven dentro de su hogar,,,Viven dentro de su hogar,Todo el tiempo,Perros,,Perros,Castraciones masivas | Control de identificación,Castraciones masivas,Control de identificación,,,Si
2026-03-14 14:07:23,San Francisco,Sarmiento ,Sarmiento,700,Casa Propia,1,Gatos,Gatos,,0,0,0,3,2,5,5,Si,En forma particular,En forma particular,,,Si,Si,Si,Si,Salen solos a la calle,Salen solos a la calle,,,A veces,Perros,,Perros,Castraciones masivas | Control de identificación | Educación,Castraciones masivas,Control de identificación,Educación,,Si
2026-03-14 14:19:09,San Francisco,Bouchard ,Bouchard,1814,Casa Propia,5,Gatos | Perros,Gatos,Perros,1,1,2,1,1,2,4,Si,Municipio,,Municipio,,Si,Si,Si,Si,Viven dentro de su hogar,,,Viven dentro de su hogar,Todo el tiempo,Perros,,Perros,Control de identificación | Educación,,Control de identificación,Educación,,Si
2026-03-14 14:24:36,San Francisco,Sarmiento ,Sarmiento,366,Casa Propia,4,Perros,,Perros,0,1,1,0,0,0,1,Si,Municipio,,Municipio,,Si,Si,Si,Si,Viven dentro de su hogar,,,Viven dentro de su hogar,Todo el tiempo,Perros,,Perros,Control de identificación | Educación,,Control de identificación,Educación,,Si
2026-03-14 15:38:22,San Francisco,SARMIENTO ,Sarmiento,566,Casa en Alquiler,4,Gatos | Perros,Gatos,Perros,0,1,1,0,2,2,3,Si,En forma particular | Municipio,En forma particular,Municipio,,Si,Si,Si,Si,Salen solos a la calle | Tienen identificador | Viven dentro de su hogar,Salen solos a la calle,Tienen identificador,Viven dentro de su hogar,A veces,Perros,,Perros,Castraciones masivas | Control de identificación | Educación,Castraciones masivas,Control de identificación,Educación,,Si
2026-03-14 15:46:46,San Francisco,Cotolengo,Cottolengo,2946,Casa en Alquiler,2,Perros,,Perros,1,1,2,0,0,0,2,Si,Municipio,,Municipio,,Si,Si,Si,Si,Viven dentro de su hogar,,,Viven dentro de su hogar,Todo el tiempo,Perros,,Perros,Control de identificación,,Control de identificación,,,Si
2026-03-14 16:54:27,San Francisco,Catedral ,Catedral,2200,Casa Propia,4,Perros,,Perros,0,2,2,0,0,0,2,Si,En forma particular,En forma particular,,,Si,Si,Si,Si,Viven dentro de su hogar,,,Viven dentro de su hogar,Todo el tiempo,Perros,,Perros,Control de identificación,,Control de identificación,,,Si
2026-03-14 17:38:47,San Francisco,Velez sarfield,Vélez Sarsfield,900,Departamento en Alquiler,4,Perros,,Perros,0,1,1,0,0,0,1,Si,Municipio,,Municipio,,Si,Si,Si,No,Viven dentro de su hogar,,,Viven dentro de su hogar,A veces,Perros,,Perros,Control de identificación,,Control de identificación,,,Si
2026-03-14 20:01:29,San Francisco,Roca,General Roca,800,Departamento en Alquiler,0,Gatos,Gatos,,0,0,0,0,1,1,1,Si,En forma particular,En forma particular,,,Si,Si,Si,Si,Viven dentro de su hogar,,,Viven dentro de su hogar,A veces,Perros,,Perros,Castraciones masivas | Control de identificación | Educación,Castraciones masivas,Control de identificación,Educación,,Si
2026-03-14 20:39:35,San Francisco,La Milka ,La Milka,660,Casa Propia,4,Gatos | Perros,Gatos,Perros,1,0,1,1,1,2,3,Si,Municipio,,Municipio,,Si,Si,Si,Si,Viven dentro de su hogar,,,Viven dentro de su hogar,Todo el tiempo,Gatos,Gatos,,Castraciones masivas,Castraciones masivas,,,,Si
2026-03-14 22:50:06,San Francisco,Roca,General Roca,834,Casa en Alquiler,3,Gatos,Gatos,,0,0,0,0,1,1,1,Si,Municipio,,Municipio,,Si,Si,Si,Si,Viven dentro de su hogar,,,Viven dentro de su hogar,Todo el tiempo,Gatos | Perros,Gatos,Perros,Castraciones masivas | Control de identificación | Educación,Castraciones masivas,Control de identificación,Educación,,Si
2026-03-15 08:21:41,San Francisco,Catedral,Catedral,886,Casa Propia,3,Gatos | Perros,Gatos,Perros,1,1,2,1,4,5,7,Si,Municipio,,Municipio,,Si,Si,Si,Si,Viven dentro de su hogar,,,Viven dentro de su hogar,Todo el tiempo,Gatos | Perros,Gatos,Perros,Castraciones masivas | Control de identificación | Educación,Castraciones masivas,Control de identificación,Educación,,Si
2026-03-15 10:30:13,San Francisco,Parque las rosas,Parque de las Rosas,1315,Casa Propia,2,Gatos | Perros,Gatos,Perros,1,1,2,2,0,2,4,Si,En forma particular,En forma particular,,,Si,Si,Si,Si,Viven dentro de su hogar,,,Viven dentro de su hogar,A veces,Perros,,Perros,Castraciones masivas | Educación,Castraciones masivas,,Educación,,Si
2026-03-15 10:43:41,San Francisco,José Hernández ,José Hernández,1820,Casa en Alquiler,4,Gatos | Perros,Gatos,Perros,1,0,1,1,0,1,2,Si,En forma particular,En forma particular,,,Si,Si,Si,Si,Viven dentro de su hogar,,,Viven dentro de su hogar,Todo el tiempo,Perros,,Perros,Control de identificación,,Control de identificación,,,Si
2026-03-15 12:22:34,San Francisco,Altos del Prado,Altos del Prado,2431,Casa Propia,4,Perros,,Perros,0,1,1,0,0,0,1,No,No se encuentra castrada.,,,No se encuentra castrada.,Si,Si,Si,Si,Salen solos a la calle | Tienen identificador | Viven dentro de su hogar,Salen solos a la calle,Tienen identificador,Viven dentro de su hogar,A veces,Perros,,Perros,Castraciones masivas | Control de identificación,Castraciones masivas,Control de identificación,,,Si
2026-03-15 15:35:29,San Francisco,Casonas,Casonas del Bosque,80,Casa Propia,3,Gatos,Gatos,,0,0,0,1,0,1,1,Si,En forma particular,En forma particular,,,Si,Si,Si,Si,Tienen identificador | Viven dentro de su hogar,,Tienen identificador,Viven dentro de su hogar,A veces,Perros,,Perros,Castraciones masivas,Castraciones masivas,,,,Si
2026-03-16 00:10:49,San Francisco,Catedral,Catedral,345,Casa en Alquiler,2,Gatos | Perros,Gatos,Perros,0,1,1,2,0,2,3,Si,Municipio,,Municipio,,Si,Si,Si,No,Salen solos a la calle | Viven dentro de su hogar,Salen solos a la calle,,Viven dentro de su hogar,Nunca,Perros,,Perros,Castraciones masivas | Control de identificación | Educación,Castraciones masivas,Control de identificación,Educación,,Si
2026-03-16 08:57:36,San Francisco,La milka,La Milka,1000,Casa Propia,2,Perros,,Perros,> 5,> 5,> 10,0,0,0,> 10,Si,Municipio,,Municipio,,Si,No,Si,Si,Viven dentro de su hogar,,,Viven dentro de su hogar,Todo el tiempo,Gatos | Perros,Gatos,Perros,Castraciones masivas | Control de identificación | Educación,Castraciones masivas,Control de identificación,Educación,,Si
2026-03-16 09:22:52,San Francisco,Independecia ,Independencia,660,Casa Propia,4,Gatos | Perros,Gatos,Perros,0,1,1,0,1,1,2,Si,En forma particular,En forma particular,,,Si,Si,Si,Si,Viven dentro de su hogar,,,Viven dentro de su hogar,A veces,Perros,,Perros,Castraciones masivas | Control de identificación | Educación,Castraciones masivas,Control de identificación,Educación,,Si
2026-03-16 09:27:42,San Francisco,Maipú ,Maipú,2480,Casa Propia,3,Perros,,Perros,1,1,2,0,0,0,2,Si,Municipio,,Municipio,,Si,Si,Si,Si,Salen solos a la calle | Viven dentro de su hogar,Salen solos a la calle,,Viven dentro de su hogar,A veces,Perros,,Perros,Castraciones masivas | Control de identificación,Castraciones masivas,Control de identificación,,,Si
2026-03-16 09:29:43,San Francisco,20 de junio,20 de Junio,3381,Casa Propia,4,Perros,,Perros,1,0,1,0,0,0,1,No,No se encuentra castrada.,,,No se encuentra castrada.,Si,Si,Si,Si,Viven dentro de su hogar,,,Viven dentro de su hogar,Todo el tiempo,Perros,,Perros,Educación,,,Educación,,Si
2026-03-16 09:30:39,San Francisco,Sarmiento,Sarmiento,368,Casa Propia,3,Perros,,Perros,1,1,2,0,0,0,2,Si,Municipio,,Municipio,,Si,Si,Si,Si,Tienen identificador | Viven dentro de su hogar,,Tienen identificador,Viven dentro de su hogar,Todo el tiempo,Perros,,Perros,Castraciones masivas | Control de identificación | Educación,Castraciones masivas,Control de identificación,Educación,,Si
2026-03-16 09:30:40,San Francisco,Procrear,La Milka,745,Casa Propia,4,Perros,,Perros,1,0,1,0,0,0,1,No,No se encuentra castrada.,,,No se encuentra castrada.,Si,Si,Si,Si,Salen solos a la calle | Viven dentro de su hogar,Salen solos a la calle,,Viven dentro de su hogar,Todo el tiempo,Perros,,Perros,Control de identificación,,Control de identificación,,,Si
2026-03-16 09:31:43,San Francisco,400 viviendas ,Las 400 Viviendas,729,Casa Propia,2,Perros,,Perros,2,0,2,0,0,0,2,No,No se encuentra castrada.,,,No se encuentra castrada.,Si,Si,Si,Si,Viven dentro de su hogar,,,Viven dentro de su hogar,Todo el tiempo,Perros,,Perros,Castraciones masivas | Educación,Castraciones masivas,,Educación,,Si
2026-03-16 09:37:36,San Francisco,Hospital ,Hospital,400,Casa en Alquiler,3,Perros,,Perros,1,0,1,0,0,0,1,Si,Municipio,,Municipio,,Si,Si,Si,No,Viven dentro de su hogar,,,Viven dentro de su hogar,Todo el tiempo,Perros,,Perros,Control de identificación,,Control de identificación,,,Si
2026-03-16 09:37:44,San Francisco,Palmares 2,Palmares 2,2000,Casa Propia,2,Gatos | Perros,Gatos,Perros,1,4,5,0,2,2,7,No,En forma particular,En forma particular,,,Si,Si,Si,No,Viven dentro de su hogar,,,Viven dentro de su hogar,Todo el tiempo,Perros,,Perros,Castraciones masivas | Control de identificación,Castraciones masivas,Control de identificación,,,Si
2026-03-16 09:43:11,San Francisco,Sarmiento,Sarmiento,689,Casa Propia,3,Gatos,Gatos,,0,0,0,1,0,1,1,Si,En forma particular,En forma particular,,,Si,Si,No,Si,Salen solos a la calle | Viven dentro de su hogar,Salen solos a la calle,,Viven dentro de su hogar,Todo el tiempo,Perros,,Perros,Castraciones masivas | Control de identificación | Educación,Castraciones masivas,Control de identificación,Educación,,Si
2026-03-16 09:43:37,San Francisco,Sarmiento ,Sarmiento,770,Casa en Alquiler,4,Perros,,Perros,1,0,1,0,0,0,1,Si,Municipio,,Municipio,,Si,No,Si,Si,Viven dentro de su hogar,,,Viven dentro de su hogar,A veces,Perros,,Perros,Castraciones masivas,Castraciones masivas,,,,Si
2026-03-16 09:43:42,San Francisco,Residencial Maipu ,Maipú,3850,Casa Propia,4,Gatos | Perros,Gatos,Perros,1,1,2,0,1,1,3,Si,En forma particular,En forma particular,,,Si,Si,Si,Si,Viven dentro de su hogar,,,Viven dentro de su hogar,Todo el tiempo,Gatos | Perros,Gatos,Perros,Castraciones masivas,Castraciones masivas,,,,Si
2026-03-16 09:44:33,San Francisco,Roca,General Roca,660,Casa Propia,2,Perros,,Perros,1,0,1,0,0,0,1,Si,En forma particular,En forma particular,,,Si,Si,Si,Si,Viven dentro de su hogar,,,Viven dentro de su hogar,A veces,Perros,,Perros,Control de identificación,,Control de identificación,,,Si
2026-03-16 09:45:00,San Francisco,Las 400,Las 400 Viviendas,3891,Casa en Alquiler,2,Perros,,Perros,1,1,2,0,0,0,2,Si,Municipio,,Municipio,,Si,Si,Si,No,Viven dentro de su hogar,,,Viven dentro de su hogar,Todo el tiempo,Perros,,Perros,Educación,,,Educación,,Un poco
2026-03-16 09:45:48,San Francisco,SAVIO,Savio,4200,Casa Propia,4,Perros,,Perros,1,2,3,0,0,0,3,Si,En forma particular | Municipio,En forma particular,Municipio,,Si,Si,Si,Si,Viven dentro de su hogar,,,Viven dentro de su hogar,A veces,Gatos,Gatos,,Castraciones masivas | Control de identificación,Castraciones masivas,Control de identificación,,,Si
2026-03-16 09:46:51,San Francisco,9 de Septiembre ,9 de Septiembre,1363,Casa Propia,4,Gatos | Perros,Gatos,Perros,0,1,1,1,0,1,2,Si,Municipio,,Municipio,,Si,Si,Si,No,Salen solos a la calle | Viven dentro de su hogar,Salen solos a la calle,,Viven dentro de su hogar,A veces,Gatos | Perros,Gatos,Perros,Castraciones masivas | Educación,Castraciones masivas,,Educación,,Un poco
2026-03-16 09:48:47,San Francisco,Cottolengo,Cottolengo,960,Casa Propia,4,Gatos | Perros,Gatos,Perros,0,1,1,0,1,1,2,Si,Municipio,,Municipio,,Si,Si,Si,Si,Viven dentro de su hogar,,,Viven dentro de su hogar,Todo el tiempo,Perros,,Perros,Castraciones masivas | Control de identificación | Educación,Castraciones masivas,Control de identificación,Educación,,Si
2026-03-16 09:49:35,San Francisco,Altos del Prado ,Altos del Prado,1800,Casa Propia,3,Perros,,Perros,1,0,1,0,0,0,1,Si,Municipio,,Municipio,,Si,Si,Si,Si,Viven dentro de su hogar,,,Viven dentro de su hogar,A veces,Perros,,Perros,Castraciones masivas | Control de identificación | Educación,Castraciones masivas,Control de identificación,Educación,,Si
2026-03-16 09:50:22,San Francisco,Maipú ,Maipú,2265,Casa Propia,4,Perros,,Perros,1,2,3,0,0,0,3,No,No se encuentra castrada.,,,No se encuentra castrada.,Si,Si,Si,Si,Viven dentro de su hogar,,,Viven dentro de su hogar,A veces,Perros,,Perros,Castraciones masivas,Castraciones masivas,,,,Si
2026-03-16 09:52:30,San Francisco,Parque,Barrio Parque,762,Casa Propia,5,Gatos | Perros,Gatos,Perros,0,2,2,1,2,3,5,Si,Municipio,,Municipio,,Si,Si,Si,No,Viven dentro de su hogar,,,Viven dentro de su hogar,A veces,Perros,,Perros,Control de identificación,,Control de identificación,,,Si
2026-03-16 09:53:06,San Francisco,Sarmiento,Sarmiento,1087,Departamento en Alquiler,2,Perros,,Perros,0,1,1,0,0,0,1,No,No se encuentra castrada.,,,No se encuentra castrada.,Si,Si,Si,No,Viven dentro de su hogar,,,Viven dentro de su hogar,A veces,Perros,,Perros,Educación,,,Educación,,Si
2026-03-16 09:58:40,Otra,Laguna el cristal,Laguna El Cristal,1015,Departamento en Alquiler,4,Perros,,Perros,0,1,1,0,0,0,1,Si,En forma particular,En forma particular,,,Si,Si,Si,Si,Salen solos a la calle | Viven dentro de su hogar,Salen solos a la calle,,Viven dentro de su hogar,Todo el tiempo,Perros,,Perros,Castraciones masivas | Educación,Castraciones masivas,,Educación,,Si
2026-03-16 09:59:59,San Francisco,Vélez Sarfield ,Vélez Sarsfield,1243,Casa en Alquiler,4,Gatos | Perros,Gatos,Perros,1,2,3,1,0,1,4,Si,Municipio,,Municipio,,Si,Si,Si,Si,Viven dentro de su hogar,,,Viven dentro de su hogar,A veces,Perros,,Perros,Control de identificación,,Control de identificación,,,Si
2026-03-16 10:00:01,San Francisco,CORRADI,Corradi,1385,Casa Propia,1,Perros,,Perros,0,1,1,0,0,0,1,Si,En forma particular,En forma particular,,,Si,Si,Si,Si,Viven dentro de su hogar,,,Viven dentro de su hogar,A veces,Perros,,Perros,Control de identificación | Educación,,Control de identificación,Educación,,Si
2026-03-16 10:01:36,Frontera,San luis,San Luis,100,Casa Propia,4,Perros,,Perros,0,2,2,0,0,0,2,Si,Municipio,,Municipio,,Si,Si,Si,No,Viven dentro de su hogar,,,Viven dentro de su hogar,Todo el tiempo,Gatos | Perros,Gatos,Perros,Castraciones masivas | Educación,Castraciones masivas,,Educación,,Si
2026-03-16 10:01:40,Frontera,San José ,San José,7,Casa Propia,3,Gatos | Perros,Gatos,Perros,1,0,1,1,0,1,2,Si,Municipio,,Municipio,,Si,Si,Si,No,Viven dentro de su hogar,,,Viven dentro de su hogar,Todo el tiempo,Perros,,Perros,Castraciones masivas,Castraciones masivas,,,,Si
2026-03-16 10:02:55,San Francisco,Sarmiento ,Sarmiento,570,Casa en Alquiler,5,Perros,,Perros,0,2,2,0,0,0,2,Si,Municipio,,Municipio,,Si,Si,Si,No,Salen solos a la calle | Viven dentro de su hogar,Salen solos a la calle,,Viven dentro de su hogar,A veces,Perros,,Perros,Castraciones masivas,Castraciones masivas,,,,Si
2026-03-16 10:04:23,San Francisco,Nuevo Barrio Parque,Barrio Parque,1115,Casa Propia,6,Perros,,Perros,1,1,2,0,0,0,2,Si,En forma particular,En forma particular,,,Si,Si,Si,Si,Viven dentro de su hogar,,,Viven dentro de su hogar,A veces,Perros,,Perros,Castraciones masivas | Control de identificación | Educación,Castraciones masivas,Control de identificación,Educación,,Si
2026-03-16 10:05:40,San Francisco,Catedral,Catedral,646,Casa Propia,3,Perros,,Perros,1,1,2,0,0,0,2,Si,En forma particular | Municipio,En forma particular,Municipio,,Si,Si,Si,No,Viven dentro de su hogar,,,Viven dentro de su hogar,A veces,Perros,,Perros,Educación,,,Educación,,Si
2026-03-16 10:05:58,San Francisco,Palmares,Palmares,2020,Casa Propia,2,Perros,,Perros,1,1,2,0,0,0,2,Si,Municipio,,Municipio,,Si,Si,Si,Si,Viven dentro de su hogar,,,Viven dentro de su hogar,Todo el tiempo,Perros,,Perros,Castraciones masivas | Control de identificación | Educación,Castraciones masivas,Control de identificación,Educación,,Si
2026-03-16 10:06:12,San Francisco,Magdalena 1,Magdalena 1,4400,Casa en Alquiler,4,Perros,,Perros,1,0,1,0,0,0,1,No,No se encuentra castrada.,,,No se encuentra castrada.,Si,Si,Si,No,Viven dentro de su hogar,,,Viven dentro de su hogar,A veces,Perros,,Perros,Castraciones masivas,Castraciones masivas,,,,Si
2026-03-16 10:09:33,San Francisco,Iturraspe ,Iturraspe,1034,Casa Propia,2,Perros,,Perros,1,0,1,0,0,0,1,No,No se encuentra castrada.,,,No se encuentra castrada.,Si,Si,Si,No,Viven dentro de su hogar,,,Viven dentro de su hogar,Todo el tiempo,Perros,,Perros,Castraciones masivas | Educación,Castraciones masivas,,Educación,,Si
2026-03-16 10:10:07,Josefina,Josefina,Josefina,630,Casa Propia,5,Perros,,Perros,1,4,5,0,0,0,5,No,No se encuentra castrada.,,,No se encuentra castrada.,Si,Si,Si,Si,Viven dentro de su hogar,,,Viven dentro de su hogar,A veces,Perros,,Perros,No es necesaria la participación del municipio,,,,No es necesaria la participación del municipio,Si
2026-03-16 10:14:10,San Francisco,independencia,Independencia,237,Departamento en Alquiler,2,Perros,,Perros,1,0,1,0,0,0,1,Si,Municipio,,Municipio,,Si,Si,Si,No,Tienen identificador | Viven dentro de su hogar,,Tienen identificador,Viven dentro de su hogar,A veces,Gatos,Gatos,,Castraciones masivas | Educación,Castraciones masivas,,Educación,,No
2026-03-16 10:15:07,Frontera,San José ,San José,695,Casa en Alquiler,4,Perros,,Perros,1,1,2,0,0,0,2,Si,Municipio,,Municipio,,Si,Si,Si,Si,Viven dentro de su hogar,,,Viven dentro de su hogar,Todo el tiempo,Perros,,Perros,Castraciones masivas | Control de identificación | Educación,Castraciones masivas,Control de identificación,Educación,,Si
2026-03-16 10:19:56,San Francisco,Independencia ,Independencia,3500,Casa en Alquiler,4,Gatos | Perros,Gatos,Perros,1,0,1,2,0,2,3,No,En forma particular | No se encuentra castrada.,En forma particular,,No se encuentra castrada.,Si,Si,Si,Si,Tienen identificador | Viven dentro de su hogar,,Tienen identificador,Viven dentro de su hogar,Todo el tiempo,Gatos | Perros,Gatos,Perros,Control de identificación,,Control de identificación,,,Si
2026-03-16 10:21:13,San Francisco,Catedral ,Catedral,336,Casa Propia,2,Gatos,Gatos,,0,0,0,1,1,2,2,Si,En forma particular,En forma particular,,,Si,No,Si,Si,Salen solos a la calle,Salen solos a la calle,,,A veces,Perros,,Perros,Castraciones masivas | Educación,Castraciones masivas,,Educación,,Si
2026-03-16 10:29:25,San Francisco,Corradi,Corradi,1400,Casa Propia,4,Perros,,Perros,1,0,1,0,0,0,1,No,No se encuentra castrada.,,,No se encuentra castrada.,Si,Si,No,Si,Viven dentro de su hogar,,,Viven dentro de su hogar,Todo el tiempo,Perros,,Perros,Castraciones masivas | Control de identificación | Educación,Castraciones masivas,Control de identificación,Educación,,Si
2026-03-16 10:31:29,San Francisco,Catedral ,Catedral,1224,Casa Propia,5,Gatos,Gatos,,0,0,0,1,2,3,3,Si,En forma particular | Municipio,En forma particular,Municipio,,Si,Si,Si,Si,Salen solos a la calle | Viven dentro de su hogar,Salen solos a la calle,,Viven dentro de su hogar,Todo el tiempo,Perros,,Perros,Castraciones masivas | Control de identificación,Castraciones masivas,Control de identificación,,,Si
2026-03-16 10:33:55,San Francisco,Sarmiento ,Sarmiento,1030,Departamento en Alquiler,2,Perros,,Perros,1,0,1,0,0,0,1,No,No se encuentra castrada.,,,No se encuentra castrada.,Si,Si,Si,No,Viven dentro de su hogar,,,Viven dentro de su hogar,A veces,Perros,,Perros,Castraciones masivas | Control de identificación | Educación,Castraciones masivas,Control de identificación,Educación,,Si
2026-03-16 10:34:02,San Francisco,Catedral,Catedral,1162,Casa Propia,4,Perros,,Perros,0,1,1,0,0,0,1,Si,Municipio,,Municipio,,Si,Si,Si,No,Salen solos a la calle | Viven dentro de su hogar,Salen solos a la calle,,Viven dentro de su hogar,Todo el tiempo,Perros,,Perros,Castraciones masivas,Castraciones masivas,,,,Si
2026-03-16 10:37:11,San Francisco,Palmare II,Palmares 2,1617,Casa en Alquiler,2,Perros,,Perros,0,1,1,0,0,0,1,No,No se encuentra castrada.,,,No se encuentra castrada.,Si,Si,Si,Si,Viven dentro de su hogar,,,Viven dentro de su hogar,Todo el tiempo,Perros,,Perros,Castraciones masivas | Control de identificación | Educación,Castraciones masivas,Control de identificación,Educación,,Si
2026-03-16 10:37:38,San Francisco,Sarmiento,Sarmiento,1000,Casa Propia,4,Gatos | Perros,Gatos,Perros,1,0,1,2,1,3,4,Si,Municipio,,Municipio,,Si,Si,No,No,Salen solos a la calle | Viven dentro de su hogar,Salen solos a la calle,,Viven dentro de su hogar,Todo el tiempo,Gatos | Perros,Gatos,Perros,Castraciones masivas | Control de identificación,Castraciones masivas,Control de identificación,,,Un poco
2026-03-16 10:38:13,San Francisco,Sarmiento ,Sarmiento,300,Casa Propia,2,Perros,,Perros,0,1,1,0,0,0,1,Si,Municipio,,Municipio,,Si,Si,Si,No,Viven dentro de su hogar,,,Viven dentro de su hogar,Todo el tiempo,Perros,,Perros,Castraciones masivas | Control de identificación,Castraciones masivas,Control de identificación,,,Si
2026-03-16 10:38:16,San Francisco,Hospital,Hospital,449,Casa Propia,3,Perros,,Perros,3,0,3,0,0,0,3,No,No se encuentra castrada.,,,No se encuentra castrada.,Si,Si,Si,Si,Viven dentro de su hogar,,,Viven dentro de su hogar,Todo el tiempo,Perros,,Perros,Control de identificación | Educación,,Control de identificación,Educación,,Si
2026-03-16 10:42:17,San Francisco,Centro ,Centro,171,Casa en Alquiler,4,Perros,,Perros,2,2,4,0,0,0,4,Si,En forma particular,En forma particular,,,Si,Si,Si,Si,Viven dentro de su hogar,,,Viven dentro de su hogar,A veces,Perros,,Perros,Castraciones masivas | Educación,Castraciones masivas,,Educación,,Si
2026-03-16 10:48:10,San Francisco,Corradi,Corradi,1228,Casa Propia,2,Gatos | Perros,Gatos,Perros,0,3,3,3,2,5,8,Si,Municipio,,Municipio,,Si,Si,Si,Si,Viven dentro de su hogar,,,Viven dentro de su hogar,Nunca,Gatos,Gatos,,Castraciones masivas | Control de identificación | Educación,Castraciones masivas,Control de identificación,Educación,,Si
2026-03-16 10:51:47,San Francisco,Dos hermanos,Dos Hermanos,300,Casa Propia,2,Perros,,Perros,2,1,3,0,0,0,3,Si,Municipio,,Municipio,,Si,Si,Si,Si,Viven dentro de su hogar,,,Viven dentro de su hogar,Todo el tiempo,Perros,,Perros,Castraciones masivas | Control de identificación | Educación,Castraciones masivas,Control de identificación,Educación,,Si
2026-03-16 11:21:22,San Francisco,Roca,General Roca,194,Casa Propia,7,Perros,,Perros,1,0,1,0,0,0,1,No,No se encuentra castrada.,,,No se encuentra castrada.,Si,Si,Si,Si,Viven dentro de su hogar,,,Viven dentro de su hogar,Todo el tiempo,Perros,,Perros,Educación,,,Educación,,Si
2026-03-16 11:33:23,San Francisco,Corradi/ colonizadores,Corradi,1740,Casa Propia,2,Perros,,Perros,0,2,2,0,0,0,2,Si,Municipio,,Municipio,,Si,Si,Si,Si,Viven dentro de su hogar,,,Viven dentro de su hogar,A veces,Perros,,Perros,Castraciones masivas | Control de identificación | Educación,Castraciones masivas,Control de identificación,Educación,,Si
2026-03-16 11:46:45,San Francisco,Sarmiento,Sarmiento,231,Casa Propia,4,Gatos | Perros,Gatos,Perros,1,0,1,0,2,2,3,Si,Municipio,,Municipio,,Si,Si,Si,No,Viven dentro de su hogar,,,Viven dentro de su hogar,Todo el tiempo,Gatos | Perros,Gatos,Perros,Castraciones masivas | Control de identificación | Educación,Castraciones masivas,Control de identificación,Educación,,Si
2026-03-16 12:04:01,San Francisco,Bouchard,Bouchard,1552,Casa Propia,3,Gatos | Perros,Gatos,Perros,1,0,1,1,1,2,3,Si,En forma particular,En forma particular,,,Si,Si,Si,Si,Viven dentro de su hogar,,,Viven dentro de su hogar,Todo el tiempo,Gatos | Perros,Gatos,Perros,Castraciones masivas | Control de identificación | Educación,Castraciones masivas,Control de identificación,Educación,,Si
2026-03-16 12:04:25,San Francisco,Sarmiento,Sarmiento,729,Casa en Alquiler,1,Gatos,Gatos,,0,0,0,0,1,1,1,Si,Municipio,,Municipio,,Si,No,Si,No,Viven dentro de su hogar,,,Viven dentro de su hogar,A veces,Perros,,Perros,Castraciones masivas,Castraciones masivas,,,,Si
2026-03-16 12:25:31,San Francisco,Corradi,Corradi,1200,Casa en Alquiler,1,Perros,,Perros,1,0,1,0,0,0,1,Si,En forma particular,En forma particular,,,Si,Si,Si,Si,Viven dentro de su hogar,,,Viven dentro de su hogar,Todo el tiempo,Gatos | Perros,Gatos,Perros,Castraciones masivas | Control de identificación | Educación,Castraciones masivas,Control de identificación,Educación,,Si
2026-03-16 12:26:27,San Francisco,Casonas del Bosque,Casonas del Bosque,17,Casa Propia,5,Perros,,Perros,1,0,1,0,0,0,1,No,No se encuentra castrada.,,,No se encuentra castrada.,Si,Si,Si,No,Viven dentro de su hogar,,,Viven dentro de su hogar,A veces,Perros,,Perros,Castraciones masivas,Castraciones masivas,,,,Si
2026-03-16 12:29:26,San Francisco,Vélez Sarfield ,Vélez Sarsfield,1345,Casa Propia,5,Gatos | Perros,Gatos,Perros,1,0,1,0,1,1,2,Si,Municipio,,Municipio,,Si,Si,Si,No,Salen solos a la calle | Viven dentro de su hogar,Salen solos a la calle,,Viven dentro de su hogar,A veces,Gatos | Perros,Gatos,Perros,Castraciones masivas | Control de identificación | Educación,Castraciones masivas,Control de identificación,Educación,,Si
2026-03-16 12:32:37,San Francisco,Sarmiento,Sarmiento,883,Casa Propia,5,Gatos | Perros,Gatos,Perros,1,1,2,1,0,1,3,Si,En forma particular,En forma particular,,,Si,Si,Si,No,Viven dentro de su hogar,,,Viven dentro de su hogar,Todo el tiempo,Gatos | Perros,Gatos,Perros,Castraciones masivas | Control de identificación | Educación,Castraciones masivas,Control de identificación,Educación,,Si
2026-03-16 12:38:23,San Francisco,Palmares 4,Palmares 4,2200,Casa Propia,3,Gatos | Perros,Gatos,Perros,1,0,1,0,2,2,3,Si,En forma particular,En forma particular,,,Si,Si,Si,Si,Viven dentro de su hogar,,,Viven dentro de su hogar,A veces,Perros,,Perros,Castraciones masivas | Educación,Castraciones masivas,,Educación,,Si
2026-03-16 12:42:46,San Francisco,Bouchard,Bouchard,1523,Casa Propia,4,Perros,,Perros,0,1,1,0,0,0,1,Si,Municipio,,Municipio,,Si,Si,Si,No,Viven dentro de su hogar,,,Viven dentro de su hogar,A veces,Perros,,Perros,Castraciones masivas | Control de identificación | Educación,Castraciones masivas,Control de identificación,Educación,,Si
2026-03-16 12:43:47,San Francisco,Sarmiento,Sarmiento,815,Departamento Propio,3,Gatos,Gatos,,0,0,0,1,2,3,3,Si,Municipio,,Municipio,,Si,Si,Si,No,Viven dentro de su hogar,,,Viven dentro de su hogar,Todo el tiempo,Perros,,Perros,Castraciones masivas,Castraciones masivas,,,,Si
2026-03-16 12:47:00,San Francisco,Parque Nortw,Parque Norte,720,Casa Propia,4,Gatos | Perros,Gatos,Perros,1,1,2,0,1,1,3,Si,Municipio,,Municipio,,Si,Si,Si,Si,Salen solos a la calle | Viven dentro de su hogar,Salen solos a la calle,,Viven dentro de su hogar,Todo el tiempo,Perros,,Perros,Control de identificación,,Control de identificación,,,Si
2026-03-16 12:48:47,San Francisco,La Milka,La Milka,1158,Casa Propia,5,Perros,,Perros,0,2,2,0,2,2,4,Si,Municipio,,Municipio,,Si,Si,Si,No,Viven dentro de su hogar,,,Viven dentro de su hogar,A veces,Perros,,Perros,Castraciones masivas | Control de identificación,Castraciones masivas,Control de identificación,,,Si
2026-03-16 12:51:53,San Francisco,San martin,San Martín,1141,Departamento Propio,3,Perros,,Perros,0,2,2,0,0,0,2,Si,En forma particular,En forma particular,,,Si,Si,Si,No,Viven dentro de su hogar,,,Viven dentro de su hogar,Todo el tiempo,Perros,,Perros,Castraciones masivas | Control de identificación | Educación,Castraciones masivas,Control de identificación,Educación,,Si
2026-03-16 12:57:16,San Francisco,Sarmiento ,Sarmiento,337,Casa en Alquiler,3,Gatos,Gatos,,0,0,0,0,1,1,1,Si,En forma particular,En forma particular,,,Si,Si,Si,Si,Viven dentro de su hogar,,,Viven dentro de su hogar,Todo el tiempo,Gatos | Perros,Gatos,Perros,Castraciones masivas | Educación,Castraciones masivas,,Educación,,Si
2026-03-16 13:00:49,San Francisco,20 de junio ,20 de Junio,3800,Casa Propia,3,Perros,,Perros,1,0,1,0,0,0,1,No,No se encuentra castrada.,,,No se encuentra castrada.,No,Si,Si,No,Salen solos a la calle | Viven dentro de su hogar,Salen solos a la calle,,Viven dentro de su hogar,Todo el tiempo,Perros,,Perros,Castraciones masivas | Educación,Castraciones masivas,,Educación,,Si
2026-03-16 13:07:02,San Francisco,Centro ,Centro,1600,Casa en Alquiler,2,Gatos | Perros,Gatos,Perros,1,0,1,1,1,2,3,Si,En forma particular,En forma particular,,,Si,Si,Si,No,Viven dentro de su hogar,,,Viven dentro de su hogar,A veces,Gatos,Gatos,,No es necesaria la participación del municipio,,,,No es necesaria la participación del municipio,Si
2026-03-16 13:08:39,San Francisco,Palmares,Palmares,1812,Casa Propia,5,Perros,,Perros,1,0,1,0,0,0,1,No,No se encuentra castrada.,,,No se encuentra castrada.,Si,Si,Si,Si,Viven dentro de su hogar,,,Viven dentro de su hogar,Todo el tiempo,Gatos | Perros,Gatos,Perros,No es necesaria la participación del municipio,,,,No es necesaria la participación del municipio,Si
2026-03-16 13:08:47,San Francisco,Senderos Del Savio,Savio,1776,Casa Propia,4,Perros,,Perros,1,0,1,0,0,0,1,No,No se encuentra castrada.,,,No se encuentra castrada.,Si,Si,Si,No,Viven dentro de su hogar,,,Viven dentro de su hogar,A veces,Perros,,Perros,Control de identificación | Educación,,Control de identificación,Educación,,Si
2026-03-16 13:11:31,Frontera,San Jose,San José,745,Casa Propia,4,Gatos | Perros,Gatos,Perros,1,0,1,1,1,2,3,No,No se encuentra castrada.,,,No se encuentra castrada.,Si,Si,Si,Si,Viven dentro de su hogar,,,Viven dentro de su hogar,A veces,Perros,,Perros,Control de identificación | Educación,,Control de identificación,Educación,,Si
2026-03-16 13:13:58,Otra,Quebracho Herrado ,Quebracho Herrado,228,Casa Propia,4,Gatos | Perros,Gatos,Perros,1,2,3,1,2,3,6,Si,En forma particular | Municipio,En forma particular,Municipio,,Si,No,Si,Si,Viven dentro de su hogar,,,Viven dentro de su hogar,Todo el tiempo,Perros,,Perros,Castraciones masivas | Control de identificación,Castraciones masivas,Control de identificación,,,Si
2026-03-16 13:19:04,San Francisco,Catedral ,Catedral,782,Casa Propia,4,Perros,,Perros,1,0,1,0,0,0,1,Si,Municipio,,Municipio,,Si,Si,Si,Si,Salen solos a la calle | Tienen identificador | Viven dentro de su hogar,Salen solos a la calle,Tienen identificador,Viven dentro de su hogar,Todo el tiempo,Perros,,Perros,Castraciones masivas | Educación,Castraciones masivas,,Educación,,Si
2026-03-16 13:24:20,San Francisco,Altos del prado,Altos del Prado,2400,Casa Propia,4,Perros,,Perros,2,0,2,0,0,0,2,Si,Municipio,,Municipio,,Si,Si,Si,No,Viven dentro de su hogar,,,Viven dentro de su hogar,A veces,Perros,,Perros,Castraciones masivas | Educación,Castraciones masivas,,Educación,,Si
2026-03-16 13:32:06,San Francisco,Sarmiento ,Sarmiento,527,Casa Propia,1,Perros,,Perros,1,0,1,1,0,1,2,Si,En forma particular,En forma particular,,,Si,Si,Si,Si,Viven dentro de su hogar,,,Viven dentro de su hogar,A veces,Perros,,Perros,Castraciones masivas | Educación,Castraciones masivas,,Educación,,Si
2026-03-16 13:32:34,San Francisco,San Martin,San Martín,1700,Casa en Alquiler,4,Gatos | Perros,Gatos,Perros,2,1,3,2,2,4,7,Si,Municipio,,Municipio,,Si,Si,Si,Si,Viven dentro de su hogar,,,Viven dentro de su hogar,A veces,Perros,,Perros,Castraciones masivas | Educación,Castraciones masivas,,Educación,,Si
2026-03-16 13:44:24,San Francisco,Corradi ,Corradi,1328,Departamento en Alquiler,3,Perros,,Perros,0,1,1,0,0,0,1,Si,Municipio | No se encuentra castrada.,,Municipio,No se encuentra castrada.,Si,Si,Si,No,Tienen identificador | Viven dentro de su hogar,,Tienen identificador,Viven dentro de su hogar,Todo el tiempo,Perros,,Perros,Castraciones masivas | Control de identificación | Educación,Castraciones masivas,Control de identificación,Educación,,Si
2026-03-16 13:49:58,San Francisco,Senderos del Savio,Savio,1620,Casa Propia,4,Gatos | Perros,Gatos,Perros,0,1,1,1,0,1,2,No,No se encuentra castrada.,,,No se encuentra castrada.,Si,Si,Si,Si,Viven dentro de su hogar,,,Viven dentro de su hogar,Nunca,Gatos,Gatos,,Castraciones masivas | Control de identificación | Educación,Castraciones masivas,Control de identificación,Educación,,Si
2026-03-16 14:01:47,San Francisco,Roca,General Roca,660,Casa Propia,1,Perros,,Perros,0,1,1,0,0,0,1,Si,En forma particular,En forma particular,,,Si,Si,Si,Si,Viven dentro de su hogar,,,Viven dentro de su hogar,Todo el tiempo,Gatos | Perros,Gatos,Perros,Castraciones masivas | Control de identificación | Educación,Castraciones masivas,Control de identificación,Educación,,Si
2026-03-16 14:17:31,San Francisco,Roca,General Roca,927,Casa Propia,3,Gatos | Perros,Gatos,Perros,1,1,2,1,3,4,6,Si,Municipio,,Municipio,,Si,Si,Si,Si,Viven dentro de su hogar,,,Viven dentro de su hogar,A veces,Perros,,Perros,Castraciones masivas | Educación,Castraciones masivas,,Educación,,Si
2026-03-16 14:45:08,San Francisco,Corradi,Corradi,1359,Casa Propia,2,Perros,,Perros,1,0,1,0,0,0,1,No,No se encuentra castrada.,,,No se encuentra castrada.,Si,Si,Si,No,Viven dentro de su hogar,,,Viven dentro de su hogar,A veces,Gatos | Perros,Gatos,Perros,Castraciones masivas,Castraciones masivas,,,,Si
2026-03-16 15:19:53,San Francisco,La Milka,La Milka,1000,Casa Propia,3,Perros,,Perros,1,1,2,0,0,0,2,No,No se encuentra castrada.,,,No se encuentra castrada.,Si,Si,Si,Si,Salen solos a la calle | Tienen identificador | Viven dentro de su hogar,Salen solos a la calle,Tienen identificador,Viven dentro de su hogar,Todo el tiempo,Gatos | Perros,Gatos,Perros,Castraciones masivas | Control de identificación | Educación,Castraciones masivas,Control de identificación,Educación,,Si
2026-03-16 16:11:32,San Francisco,La milka,La Milka,2053,Casa Propia,4,Gatos,Gatos,,0,0,0,0,1,1,1,Si,En forma particular,En forma particular,,,Si,Si,Si,No,Salen solos a la calle | Tienen identificador | Viven dentro de su hogar,Salen solos a la calle,Tienen identificador,Viven dentro de su hogar,Todo el tiempo,Perros,,Perros,Castraciones masivas | Control de identificación | Educación,Castraciones masivas,Control de identificación,Educación,,Un poco
2026-03-16 16:39:08,San Francisco,Plaza san fco ,Plaza San Francisco,5000,Casa Propia,3,Gatos | Perros,Gatos,Perros,0,2,2,1,0,1,3,Si,Municipio,,Municipio,,Si,Si,Si,Si,Viven dentro de su hogar,,,Viven dentro de su hogar,A veces,Perros,,Perros,Castraciones masivas | Control de identificación | Educación,Castraciones masivas,Control de identificación,Educación,,Si
2026-03-16 17:02:32,San Francisco,30 viviendas barrio Parque,Barrio Parque,1179,Casa Propia,3,Gatos | Perros,Gatos,Perros,0,1,1,0,1,1,2,No,No se encuentra castrada.,,,No se encuentra castrada.,Si,Si,Si,Si,Tienen identificador | Viven dentro de su hogar,,Tienen identificador,Viven dentro de su hogar,Todo el tiempo,Perros,,Perros,Castraciones masivas,Castraciones masivas,,,,Si
2026-03-16 17:44:26,San Francisco,Hospital ,Hospital,550,Departamento en Alquiler,1,Perros,,Perros,0,1,1,0,0,0,1,Si,Municipio,,Municipio,,Si,Si,No,No,Viven dentro de su hogar,,,Viven dentro de su hogar,A veces,Perros,,Perros,Castraciones masivas | Educación,Castraciones masivas,,Educación,,Si
2026-03-16 20:19:20,San Francisco,Villa Golf,Villa Golf,1600,Casa Propia,2,Perros,,Perros,1,1,2,0,0,0,2,Si,En forma particular | Municipio,En forma particular,Municipio,,Si,Si,Si,Si,Tienen identificador | Viven dentro de su hogar,,Tienen identificador,Viven dentro de su hogar,Todo el tiempo,Perros,,Perros,Castraciones masivas | Control de identificación | Educación,Castraciones masivas,Control de identificación,Educación,,Si
2026-03-16 21:59:49,San Francisco,San Martin ,San Martín,1231,Casa Propia,4,Perros,,Perros,0,1,1,0,0,0,1,Si,Municipio,,Municipio,,Si,Si,Si,No,Salen solos a la calle | Viven dentro de su hogar,Salen solos a la calle,,Viven dentro de su hogar,Todo el tiempo,Perros,,Perros,Castraciones masivas,Castraciones masivas,,,,Si
2026-03-16 22:23:21,San Francisco,Magdalena 2,Magdalena 2,2700,Casa Propia,3,Gatos | Perros,Gatos,Perros,1,1,2,1,0,1,3,Si,Municipio,,Municipio,,Si,Si,Si,No,Viven dentro de su hogar,,,Viven dentro de su hogar,A veces,Perros,,Perros,Control de identificación,,Control de identificación,,,Si
2026-03-16 22:44:48,San Francisco,Catedral ,Catedral,1295,Casa Propia,4,Perros,,Perros,1,3,4,0,0,0,4,Si,En forma particular | Municipio,En forma particular,Municipio,,Si,Si,Si,Si,Viven dentro de su hogar,,,Viven dentro de su hogar,A veces,Perros,,Perros,Castraciones masivas | Control de identificación | Educación,Castraciones masivas,Control de identificación,Educación,,Si
2026-03-17 13:45:28,San Francisco,Sarmiento ,Sarmiento,340,Casa en Alquiler,2,Gatos | Perros,Gatos,Perros,2,1,3,0,1,1,4,Si,Municipio,,Municipio,,Si,Si,Si,No,Viven dentro de su hogar,,,Viven dentro de su hogar,Todo el tiempo,Perros,,Perros,Castraciones masivas,Castraciones masivas,,,,Si
2026-03-17 16:52:51,San Francisco,Roca,General Roca,232,Casa en Alquiler,5,Gatos | Perros,Gatos,Perros,2,1,3,1,0,1,4,Si,Municipio,,Municipio,,Si,Si,Si,Si,Viven dentro de su hogar,,,Viven dentro de su hogar,A veces,Perros,,Perros,Castraciones masivas | Control de identificación | Educación,Castraciones masivas,Control de identificación,Educación,,Un poco
2026-03-17 17:04:37,San Francisco,La milka ,La Milka,660,Casa Propia,4,Gatos | Perros,Gatos,Perros,0,1,1,1,0,1,2,Si,En forma particular | Municipio,En forma particular,Municipio,,Si,Si,Si,Si,Viven dentro de su hogar,,,Viven dentro de su hogar,Todo el tiempo,Gatos | Perros,Gatos,Perros,Castraciones masivas | Control de identificación | Educación | No es necesaria la participación del municipio,Castraciones masivas,Control de identificación,Educación,No es necesaria la participación del municipio,Si
2026-03-18 10:07:23,San Francisco,La milka,La Milka,352,Casa en Alquiler,5,Gatos | Perros,Gatos,Perros,3,3,6,3,0,3,9,Si,Municipio,,Municipio,,Si,No,No,No,Viven dentro de su hogar,,,Viven dentro de su hogar,A veces,Perros,,Perros,Castraciones masivas | Control de identificación | Educación,Castraciones masivas,Control de identificación,Educación,,Un poco
2026-03-18 10:57:07,San Francisco,La Milka,La Milka,241,Casa Propia,2,Gatos | Perros,Gatos,Perros,2,2,4,2,0,2,6,Si,Municipio,,Municipio,,Si,Si,Si,Si,Viven dentro de su hogar,,,Viven dentro de su hogar,A veces,Gatos | Perros,Gatos,Perros,Educación,,,Educación,,Si
2026-03-18 11:02:07,San Francisco,La Milka,La Milka,740,Casa Propia,4,Gatos | Perros,Gatos,Perros,1,0,1,0,1,1,2,Si,Municipio,,Municipio,,Si,No,No,No,Viven dentro de su hogar,,,Viven dentro de su hogar,Todo el tiempo,Perros,,Perros,Castraciones masivas | Control de identificación,Castraciones masivas,Control de identificación,,,Un poco
2026-03-18 11:08:44,Frontera,San Roque ,San Roque,59,Departamento en Alquiler,3,Gatos | Perros,Gatos,Perros,1,0,1,1,1,2,3,Si,Municipio | No se encuentra castrada.,,Municipio,No se encuentra castrada.,Si,Si,No,Si,Viven dentro de su hogar,,,Viven dentro de su hogar,Todo el tiempo,Gatos | Perros,Gatos,Perros,No es necesaria la participación del municipio,,,,No es necesaria la participación del municipio,Si
2026-03-18 11:10:50,Frontera,San Roque,San Roque,854,Departamento en Alquiler,4,Gatos | Perros,Gatos,Perros,0,2,2,1,0,1,3,Si,En forma particular,En forma particular,,,Si,Si,Si,Si,Viven dentro de su hogar,,,Viven dentro de su hogar,Todo el tiempo,Perros,,Perros,Castraciones masivas | Educación,Castraciones masivas,,Educación,,Si
2026-03-18 11:14:38,San Francisco,Roque Sáenz Peña,Roque Sáenz Peña,861,Departamento en Alquiler,2,Gatos,Gatos,,0,0,0,1,1,2,2,Si,Municipio,,Municipio,,Si,Si,Si,Si,Viven dentro de su hogar,,,Viven dentro de su hogar,Todo el tiempo,Gatos,Gatos,,Castraciones masivas | Educación,Castraciones masivas,,Educación,,Si
2026-03-18 11:43:16,San Francisco,Brisas del sur,Brisas del Sur,1930,Casa Propia,1,Gatos | Perros,Gatos,Perros,1,1,2,1,0,1,3,Si,Municipio,,Municipio,,Si,Si,Si,Si,Viven dentro de su hogar,,,Viven dentro de su hogar,Todo el tiempo,Perros,,Perros,Educación,,,Educación,,Si
2026-03-18 11:59:42,San Francisco,La milka,La Milka,770,Casa Propia,1,Gatos | Perros,Gatos,Perros,0,1,1,1,4,5,6,Si,Municipio,,Municipio,,Si,Si,Si,Si,Viven dentro de su hogar,,,Viven dentro de su hogar,A veces,Perros,,Perros,Castraciones masivas | Educación,Castraciones masivas,,Educación,,Si
2026-03-18 12:51:26,San Francisco,La Milka ,La Milka,573,Casa Propia,1,Gatos | Perros,Gatos,Perros,0,1,1,0,1,1,2,Si,En forma particular,En forma particular,,,Si,Si,Si,Si,Viven dentro de su hogar,,,Viven dentro de su hogar,Todo el tiempo,Gatos | Perros,Gatos,Perros,Castraciones masivas | Educación,Castraciones masivas,,Educación,,Si
2026-03-18 14:12:05,San Francisco,Parque,Barrio Parque,1048,Casa Propia,2,Gatos,Gatos,,0,0,0,3,0,3,3,Si,En forma particular,En forma particular,,,Si,Si,Si,Si,Viven dentro de su hogar,,,Viven dentro de su hogar,A veces,Perros,,Perros,Educación,,,Educación,,Si
2026-03-18 14:46:20,San Francisco,Consolata,La Consolata,1477,Casa en Alquiler,4,Perros,,Perros,0,2,2,0,0,0,2,Si,En forma particular,En forma particular,,,Si,Si,Si,Si,Viven dentro de su hogar,,,Viven dentro de su hogar,Todo el tiempo,Perros,,Perros,Castraciones masivas | Control de identificación | Educación,Castraciones masivas,Control de identificación,Educación,,Si
2026-03-18 16:23:41,San Francisco,La Milka,La Milka,1277,Casa Propia,1,Gatos | Perros,Gatos,Perros,0,1,1,0,4,4,5,Si,En forma particular | Municipio,En forma particular,Municipio,,Si,Si,Si,Si,Viven dentro de su hogar,,,Viven dentro de su hogar,A veces,Perros,,Perros,Castraciones masivas | Control de identificación | Educación,Castraciones masivas,Control de identificación,Educación,,Si
2026-03-18 20:34:00,San Francisco,El Prado,El Prado,1497,Casa en Alquiler,5,Gatos | Perros,Gatos,Perros,0,1,1,0,1,1,2,Si,Municipio,,Municipio,,Si,Si,Si,Si,Salen solos a la calle | Tienen identificador | Viven dentro de su hogar,Salen solos a la calle,Tienen identificador,Viven dentro de su hogar,Todo el tiempo,Perros,,Perros,Castraciones masivas | Control de identificación,Castraciones masivas,Control de identificación,,,Si
2026-03-18 21:50:59,San Francisco,Roca,General Roca,616,Casa Propia,3,Gatos | Perros,Gatos,Perros,0,1,1,3,3,6,7,Si,Municipio,,Municipio,,Si,Si,Si,Si,Viven dentro de su hogar,,,Viven dentro de su hogar,Nunca,Perros,,Perros,Castraciones masivas | Control de identificación,Castraciones masivas,Control de identificación,,,Si
2026-03-18 21:55:58,San Francisco,9 de septiembre ,9 de Septiembre,1200,Casa Propia,4,Perros,,Perros,0,1,1,0,0,0,1,No,No se encuentra castrada.,,,No se encuentra castrada.,Si,Si,Si,No,Viven dentro de su hogar,,,Viven dentro de su hogar,Todo el tiempo,Gatos | Perros,Gatos,Perros,Castraciones masivas | Control de identificación | Educación,Castraciones masivas,Control de identificación,Educación,,Si
2026-03-18 22:11:00,San Francisco,Centro,Centro,1300,Casa en Alquiler,2,Perros,,Perros,2,1,3,0,0,0,3,No,No se encuentra castrada.,,,No se encuentra castrada.,Si,Si,Si,Si,Viven dentro de su hogar,,,Viven dentro de su hogar,Todo el tiempo,Perros,,Perros,Castraciones masivas | Control de identificación,Castraciones masivas,Control de identificación,,,Si
2026-03-19 00:10:14,San Francisco,La Milka,La Milka,733,Casa Propia,5,Gatos,Gatos,,0,0,0,2,1,3,3,Si,Municipio,,Municipio,,Si,No,Si,No,Viven dentro de su hogar,,,Viven dentro de su hogar,Todo el tiempo,Perros,,Perros,Castraciones masivas | Control de identificación,Castraciones masivas,Control de identificación,,,Si
2026-03-19 09:00:09,San Francisco,Casonas ,Casonas del Bosque,4650,Casa Propia,4,Perros,,Perros,1,1,2,0,0,0,2,Si,En forma particular,En forma particular,,,Si,Si,Si,No,Viven dentro de su hogar,,,Viven dentro de su hogar,A veces,Perros,,Perros,Castraciones masivas | Control de identificación,Castraciones masivas,Control de identificación,,,Si
2026-03-19 09:01:24,San Francisco,Brisa del sur ,Brisas del Sur,660,Casa Propia,4,Perros,,Perros,0,2,2,0,0,0,2,Si,Municipio,,Municipio,,Si,Si,Si,Si,Viven dentro de su hogar,,,Viven dentro de su hogar,A veces,Perros,,Perros,Castraciones masivas,Castraciones masivas,,,,Si
2026-03-20 09:01:51,San Francisco,Casonas,Casonas del Bosque,52,Casa Propia,5,Gatos | Perros,Gatos,Perros,2,1,3,0,1,1,4,Si,Municipio,,Municipio,,Si,Si,Si,Si,Viven dentro de su hogar,,,Viven dentro de su hogar,A veces,Gatos,Gatos,,Control de identificación,,Control de identificación,,,Si
2026-03-20 09:07:12,San Francisco,Maipú,Maipú,2007,Casa Propia,4,Perros,,Perros,1,0,1,0,0,0,1,No,No se encuentra castrada.,,,No se encuentra castrada.,No,Si,Si,Si,Viven dentro de su hogar,,,Viven dentro de su hogar,A veces,Perros,,Perros,Educación,,,Educación,,Si
2026-03-20 09:10:38,San Francisco,Parque Las Rosas,Parque de las Rosas,1070,Casa Propia,2,Gatos,Gatos,,0,0,0,0,4,4,4,Si,En forma particular,En forma particular,,,Si,Si,Si,Si,Salen solos a la calle | Viven dentro de su hogar,Salen solos a la calle,,Viven dentro de su hogar,Nunca,Perros,,Perros,Castraciones masivas | Educación,Castraciones masivas,,Educación,,Si
2026-03-20 09:14:59,San Francisco,Parque Las Rosas,Parque de las Rosas,4400,Casa Propia,4,Perros,,Perros,1,1,2,0,0,0,2,Si,En forma particular,En forma particular,,,Si,Si,Si,Si,Viven dentro de su hogar,,,Viven dentro de su hogar,A veces,Perros,,Perros,Castraciones masivas | Control de identificación | Educación,Castraciones masivas,Control de identificación,Educación,,Si
2026-03-20 09:24:02,San Francisco,Roca,General Roca,1910,Casa en Alquiler,3,Perros,,Perros,1,1,2,0,0,0,2,Si,En forma particular,En forma particular,,,Si,Si,Si,Si,Viven dentro de su hogar,,,Viven dentro de su hogar,A veces,Perros,,Perros,Castraciones masivas,Castraciones masivas,,,,Si
2026-03-20 09:24:30,Otra,Nueva Córdoba,Nueva Córdoba,600,Departamento Propio,2,Gatos,Gatos,,0,0,0,0,1,1,1,Si,En forma particular,En forma particular,,,Si,Si,Si,Si,Viven dentro de su hogar,,,Viven dentro de su hogar,A veces,Perros,,Perros,Castraciones masivas,Castraciones masivas,,,,Si
2026-03-20 09:28:29,San Francisco,Velez Sarsfield,Vélez Sarsfield,1493,Casa Propia,1,Perros,,Perros,2,0,2,0,0,0,2,Si,En forma particular,En forma particular,,,Si,No,No,No,Viven dentro de su hogar,,,Viven dentro de su hogar,Todo el tiempo,Perros,,Perros,Castraciones masivas | Educación,Castraciones masivas,,Educación,,Si
2026-03-20 10:02:19,San Francisco,Sarmiento ,Sarmiento,472,Casa Propia,3,Gatos | Perros,Gatos,Perros,1,2,3,1,0,1,4,Si,Municipio,,Municipio,,Si,Si,Si,No,Viven dentro de su hogar,,,Viven dentro de su hogar,Todo el tiempo,Perros,,Perros,Castraciones masivas | Control de identificación,Castraciones masivas,Control de identificación,,,Un poco
2026-03-20 10:05:04,San Francisco,La Florida ,La Florida,330,Departamento en Alquiler,1,Gatos,Gatos,,0,0,0,1,0,1,1,Si,Municipio,,Municipio,,Si,Si,Si,No,Viven dentro de su hogar,,,Viven dentro de su hogar,Todo el tiempo,Perros,,Perros,Castraciones masivas | Control de identificación,Castraciones masivas,Control de identificación,,,Si
2026-03-20 10:09:18,San Francisco,Roque Sáenz Peña ,Roque Sáenz Peña,750,Casa en Alquiler,3,Perros,,Perros,2,0,2,0,0,0,2,No,No se encuentra castrada.,,,No se encuentra castrada.,Si,Si,Si,No,Viven dentro de su hogar,,,Viven dentro de su hogar,Todo el tiempo,Perros,,Perros,Control de identificación | Educación,,Control de identificación,Educación,,Un poco
2026-03-20 10:11:17,San Francisco,9 de septiembre ,9 de Septiembre,1221,Casa Propia,4,Perros,,Perros,1,2,3,0,0,0,3,Si,Municipio,,Municipio,,Si,Si,Si,Si,Viven dentro de su hogar,,,Viven dentro de su hogar,Todo el tiempo,Perros,,Perros,Castraciones masivas | Educación,Castraciones masivas,,Educación,,Si
2026-03-20 10:11:26,San Francisco,La Florida ,La Florida,500,Casa Propia,3,Perros,,Perros,2,2,4,0,0,0,4,No,No se encuentra castrada.,,,No se encuentra castrada.,Si,Si,Si,Si,Viven dentro de su hogar,,,Viven dentro de su hogar,Todo el tiempo,Perros,,Perros,Control de identificación | Educación,,Control de identificación,Educación,,Si
2026-03-20 10:15:54,San Francisco,Velez Sarfield,Vélez Sarsfield,1662,Casa Propia,3,Perros,,Perros,1,1,2,0,0,0,2,No,No se encuentra castrada.,,,No se encuentra castrada.,Si,Si,Si,Si,Viven dentro de su hogar,,,Viven dentro de su hogar,A veces,Perros,,Perros,Castraciones masivas | Control de identificación | Educación,Castraciones masivas,Control de identificación,Educación,,Si
2026-03-20 10:22:53,San Francisco,CATEDRAL,Catedral,2281,Casa en Alquiler,3,Perros,,Perros,1,0,1,0,0,0,1,No,No se encuentra castrada.,,,No se encuentra castrada.,Si,Si,Si,No,Viven dentro de su hogar,,,Viven dentro de su hogar,A veces,Perros,,Perros,Control de identificación | Educación,,Control de identificación,Educación,,Si
2026-03-20 10:29:04,San Francisco,Velez Sarfield ,Vélez Sarsfield,1554,Casa Propia,4,Perros,,Perros,1,0,1,0,0,0,1,No,No se encuentra castrada.,,,No se encuentra castrada.,Si,Si,Si,Si,Salen solos a la calle,Salen solos a la calle,,,Todo el tiempo,Gatos | Perros,Gatos,Perros,Castraciones masivas | Control de identificación,Castraciones masivas,Control de identificación,,,Si
2026-03-20 13:48:56,San Francisco,Vélez Sarfield ,Vélez Sarsfield,253,Casa Propia,2,Gatos | Perros,Gatos,Perros,0,1,1,0,1,1,2,Si,En forma particular,En forma particular,,,Si,Si,Si,Si,Viven dentro de su hogar,,,Viven dentro de su hogar,A veces,Gatos | Perros,Gatos,Perros,Castraciones masivas | Educación,Castraciones masivas,,Educación,,Si
2026-03-20 14:09:07,San Francisco,San cayetano ,San Cayetano,70,Casa Propia,4,Gatos,Gatos,,0,0,0,0,1,1,1,No,No se encuentra castrada.,,,No se encuentra castrada.,No,No,Si,No,Viven dentro de su hogar,,,Viven dentro de su hogar,Todo el tiempo,Perros,,Perros,Castraciones masivas,Castraciones masivas,,,,Un poco
2026-03-20 16:50:48,San Francisco,Dante Panzeri,Dante Panzeri,3405,Casa Propia,2,Perros,,Perros,0,1,1,0,0,0,1,Si,Municipio,,Municipio,,Si,Si,Si,Si,Viven dentro de su hogar,,,Viven dentro de su hogar,Todo el tiempo,Perros,,Perros,Castraciones masivas | Control de identificación,Castraciones masivas,Control de identificación,,,Si
2026-03-20 18:27:06,Frontera,San Luis ,San Luis,300,Casa Propia,3,Gatos | Perros,Gatos,Perros,1,0,1,1,0,1,2,No,No se encuentra castrada.,,,No se encuentra castrada.,Si,Si,Si,Si,Viven dentro de su hogar,,,Viven dentro de su hogar,A veces,Perros,,Perros,Control de identificación,,Control de identificación,,,Si
2026-03-20 18:51:36,San Francisco,La florida,La Florida,370,Casa en Alquiler,4,Gatos | Perros,Gatos,Perros,2,1,3,1,1,2,5,Si,Municipio,,Municipio,,Si,Si,Si,Si,Viven dentro de su hogar,,,Viven dentro de su hogar,Todo el tiempo,Perros,,Perros,Control de identificación,,Control de identificación,,,Si
2026-03-20 19:45:14,San Francisco,Ciudad,Ciudad,3681,Casa Propia,3,Perros,,Perros,0,2,2,0,0,0,2,Si,Municipio,,Municipio,,Si,Si,Si,Si,Salen solos a la calle | Tienen identificador | Viven dentro de su hogar,Salen solos a la calle,Tienen identificador,Viven dentro de su hogar,Todo el tiempo,Gatos,Gatos,,Control de identificación,,Control de identificación,,,Si
2026-03-20 21:29:59,San Francisco,La Milka ,La Milka,661,Casa Propia,2,Gatos | Perros,Gatos,Perros,1,0,1,1,0,1,2,Si,En forma particular,En forma particular,,,Si,Si,Si,Si,Viven dentro de su hogar,,,Viven dentro de su hogar,Todo el tiempo,Perros,,Perros,Educación,,,Educación,,Si
2026-03-21 15:02:58,San Francisco,Parque de las rosas ,Parque de las Rosas,1040,Casa en Alquiler,1,Perros,,Perros,0,1,1,0,0,0,1,Si,Municipio,,Municipio,,Si,Si,Si,No,Viven dentro de su hogar,,,Viven dentro de su hogar,A veces,Perros,,Perros,Castraciones masivas | Control de identificación | Educación,Castraciones masivas,Control de identificación,Educación,,Si
2026-03-21 17:32:53,San Francisco,La florida,La Florida,1305,Casa Propia,11,Perros,,Perros,1,2,3,0,0,0,3,No,Municipio,,Municipio,,Si,Si,Si,No,Salen solos a la calle,Salen solos a la calle,,,Todo el tiempo,Gatos | Perros,Gatos,Perros,Control de identificación,,Control de identificación,,,Un poco
2026-03-21 18:03:06,San Francisco,Roca,General Roca,393,Departamento en Alquiler,1,Perros,,Perros,1,0,1,0,0,0,1,No,No se encuentra castrada.,,,No se encuentra castrada.,Si,Si,Si,No,Viven dentro de su hogar,,,Viven dentro de su hogar,Todo el tiempo,Gatos,Gatos,,Castraciones masivas | Educación,Castraciones masivas,,Educación,,Si
2026-03-21 23:23:10,San Francisco,Magdalena,Magdalena,937,Casa Propia,4,Perros,,Perros,1,1,2,0,0,0,2,Si,En forma particular,En forma particular,,,Si,Si,Si,Si,Tienen identificador | Viven dentro de su hogar,,Tienen identificador,Viven dentro de su hogar,A veces,Perros,,Perros,Castraciones masivas | Educación,Castraciones masivas,,Educación,,Si
2026-03-26 10:25:35,San Francisco,Magdalena 2,Magdalena 2,4308,Casa Propia,4,Gatos | Perros,Gatos,Perros,1,1,2,0,1,1,3,Si,En forma particular,En forma particular,,,Si,Si,Si,Si,Tienen identificador | Viven dentro de su hogar,,Tienen identificador,Viven dentro de su hogar,A veces,Perros,,Perros,Control de identificación | Educación,,Control de identificación,Educación,,Si
2026-03-26 10:29:59,San Francisco,Roque Sáenz Peña,Roque Sáenz Peña,804,Departamento Propio,3,Perros,,Perros,1,0,1,0,0,0,1,Si,Municipio,,Municipio,,Si,Si,Si,Si,Salen solos a la calle | Viven dentro de su hogar,Salen solos a la calle,,Viven dentro de su hogar,Todo el tiempo,Perros,,Perros,Castraciones masivas | Educación,Castraciones masivas,,Educación,,Un poco
2026-03-26 10:30:23,San Francisco,Roca ,General Roca,221,Casa en Alquiler,3,Gatos,Gatos,,0,0,0,1,0,1,1,Si,En forma particular,En forma particular,,,Si,Si,Si,Si,Salen solos a la calle | Viven dentro de su hogar,Salen solos a la calle,,Viven dentro de su hogar,A veces,Perros,,Perros,Castraciones masivas | Educación,Castraciones masivas,,Educación,,Un poco
2026-03-26 10:31:27,San Francisco,Las 400,Las 400 Viviendas,3959,Casa Propia,5,Perros,,Perros,1,0,1,0,0,0,1,No,No se encuentra castrada.,,,No se encuentra castrada.,No,Si,Si,Si,Viven dentro de su hogar,,,Viven dentro de su hogar,Todo el tiempo,Perros,,Perros,Educación,,,Educación,,Un poco
2026-03-26 10:36:00,San Francisco,Sarmiento,Sarmiento,730,Casa Propia,4,Perros,,Perros,1,2,3,0,0,0,3,Si,Municipio,,Municipio,,Si,Si,Si,Si,Salen solos a la calle | Viven dentro de su hogar,Salen solos a la calle,,Viven dentro de su hogar,A veces,Perros,,Perros,Control de identificación,,Control de identificación,,,Si
2026-03-26 10:38:35,San Francisco,Savio,Savio,1990,Casa Propia,3,Perros,,Perros,0,1,1,0,0,0,1,No,No se encuentra castrada.,,,No se encuentra castrada.,Si,Si,Si,Si,Viven dentro de su hogar,,,Viven dentro de su hogar,A veces,Perros,,Perros,Educación,,,Educación,,Si
2026-03-26 10:41:15,San Francisco,Catedral,Catedral,2154,Casa en Alquiler,6,Gatos | Perros,Gatos,Perros,1,1,2,1,1,2,4,Si,Municipio | No se encuentra castrada.,,Municipio,No se encuentra castrada.,Si,Si,Si,No,Viven dentro de su hogar,,,Viven dentro de su hogar,A veces,Perros,,Perros,Castraciones masivas | Control de identificación | Educación,Castraciones masivas,Control de identificación,Educación,,Si
2026-03-26 10:45:10,Otra,- ,Desconocido,372,Casa Propia,2,Gatos | Perros,Gatos,Perros,0,2,2,0,1,1,3,Si,Municipio,,Municipio,,Si,Si,Si,No,Salen solos a la calle | Viven dentro de su hogar,Salen solos a la calle,,Viven dentro de su hogar,Todo el tiempo,Perros,,Perros,Castraciones masivas | Control de identificación | Educación,Castraciones masivas,Control de identificación,Educación,,Si
2026-03-26 10:50:29,San Francisco,Roca,General Roca,1890,Casa Propia,4,Gatos | Perros,Gatos,Perros,1,0,1,1,0,1,2,Si,En forma particular,En forma particular,,,Si,Si,Si,Si,Viven dentro de su hogar,,,Viven dentro de su hogar,A veces,Perros,,Perros,Castraciones masivas | Educación,Castraciones masivas,,Educación,,Si
2026-03-26 11:14:18,San Francisco,La Milka,La Milka,796,Casa Propia,7,Perros,,Perros,2,0,2,0,0,0,2,No,No se encuentra castrada.,,,No se encuentra castrada.,Si,Si,Si,Si,Tienen identificador | Viven dentro de su hogar,,Tienen identificador,Viven dentro de su hogar,Todo el tiempo,Perros,,Perros,Control de identificación | Educación,,Control de identificación,Educación,,Un poco
2026-03-26 12:33:55,Otra,Virgen Niña,Virgen Niña,1520,Casa en Alquiler,3,Gatos | Perros,Gatos,Perros,2,1,3,2,2,4,7,Si,En forma particular,En forma particular,,,Si,Si,Si,No,Viven dentro de su hogar,,,Viven dentro de su hogar,Nunca,Gatos | Perros,Gatos,Perros,Castraciones masivas | Control de identificación | Educación,Castraciones masivas,Control de identificación,Educación,,Un poco
2026-03-26 15:47:12,San Francisco,Senderos del Savio,Savio,4492,Casa Propia,4,Gatos,Gatos,,0,1,1,0,0,0,1,Si,En forma particular,En forma particular,,,Si,No,Si,No,Salen solos a la calle | Tienen identificador | Viven dentro de su hogar,Salen solos a la calle,Tienen identificador,Viven dentro de su hogar,Nunca,Perros,,Perros,Educación,,,Educación,,Un poco
2026-03-26 16:18:48,San Francisco,2 Hermanos,Dos Hermanos,3502,Casa en Alquiler,3,Perros,,Perros,1,0,1,0,0,0,1,No,No se encuentra castrada.,,,No se encuentra castrada.,No,Si,Si,Si,Salen solos a la calle | Viven dentro de su hogar,Salen solos a la calle,,Viven dentro de su hogar,Todo el tiempo,Perros,,Perros,Castraciones masivas | Control de identificación,Castraciones masivas,Control de identificación,,,Si
2026-03-26 16:38:29,Otra,.,Desconocido,1636,Casa Propia,5,Gatos | Perros,Gatos,Perros,0,2,2,1,1,2,4,Si,Municipio,,Municipio,,Si,Si,Si,Si,Viven dentro de su hogar,,,Viven dentro de su hogar,A veces,Perros,,Perros,Castraciones masivas | Educación,Castraciones masivas,,Educación,,Si
2026-03-26 16:40:46,San Francisco,Consolata,La Consolata,2645,Casa Propia,3,Perros,,Perros,1,0,1,0,0,0,1,No,No se encuentra castrada.,,,No se encuentra castrada.,Si,Si,Si,Si,Viven dentro de su hogar,,,Viven dentro de su hogar,A veces,Perros,,Perros,Castraciones masivas | Control de identificación | Educación,Castraciones masivas,Control de identificación,Educación,,Si
2026-03-26 22:44:00,San Francisco,Independencia,Independencia,3995,Departamento en Alquiler,1,Gatos,Gatos,,0,0,0,0,1,1,1,Si,Municipio,,Municipio,,Si,Si,Si,Si,Viven dentro de su hogar,,,Viven dentro de su hogar,Todo el tiempo,Perros,,Perros,Castraciones masivas,Castraciones masivas,,,,Si
2026-04-01 16:56:49,Frontera,Municipal,Municipal,72626,Casa Propia,1,Gatos | Perros,Gatos,Perros,3,1,4,2,0,2,6,Si,Municipio,,Municipio,,Si,Si,Si,Si,Viven dentro de su hogar,,,Viven dentro de su hogar,A veces,Perros,,Perros,Control de identificación | Educación,,Control de identificación,Educación,,Si
2026-04-02 17:07:53,San Francisco,Consolata,La Consolata,2641,Casa Propia,3,Perros,,Perros,1,0,1,0,0,0,1,Si,En forma particular,En forma particular,,,Si,Si,Si,Si,Viven dentro de su hogar,,,Viven dentro de su hogar,A veces,Perros,,Perros,Castraciones masivas | Control de identificación | Educación,Castraciones masivas,Control de identificación,Educación,,Si
2026-04-07 09:28:21,San Francisco,La Milka,La Milka,539,Casa Propia,2,Perros,,Perros,0,3,3,0,0,0,3,Si,Municipio,,Municipio,,Si,Si,Si,Si,Salen solos a la calle | Viven dentro de su hogar,Salen solos a la calle,,Viven dentro de su hogar,Todo el tiempo,Perros,,Perros,Castraciones masivas | Control de identificación | Educación,Castraciones masivas,Control de identificación,Educación,,Si
2026-04-07 11:16:01,San Francisco,La milka,La Milka,520,Casa Propia,4,Perros,,Perros,2,1,3,0,0,0,3,Si,En forma particular,En forma particular,,,Si,Si,Si,Si,Viven dentro de su hogar,,,Viven dentro de su hogar,Todo el tiempo,Perros,,Perros,Control de identificación,,Control de identificación,,,Si
2026-04-07 12:34:38,San Francisco,Sarmiento,Sarmiento,412,Departamento en Alquiler,3,Gatos,Gatos,,0,0,0,0,1,1,1,Si,En forma particular,En forma particular,,,Si,Si,Si,Si,Viven dentro de su hogar,,,Viven dentro de su hogar,A veces,Perros,,Perros,Castraciones masivas | Educación,Castraciones masivas,,Educación,,Si
2026-04-07 13:25:54,San Francisco,Magdalena,Magdalena,4062,Casa en Alquiler,3,Gatos | Perros,Gatos,Perros,0,1,1,1,0,1,2,Si,Municipio,,Municipio,,Si,Si,Si,Si,Salen solos a la calle | Viven dentro de su hogar,Salen solos a la calle,,Viven dentro de su hogar,Todo el tiempo,Perros,,Perros,Control de identificación,,Control de identificación,,,Si
2026-04-07 13:45:56,San Francisco,Sarmiento,Sarmiento,800,Casa Propia,1,Perros,,Perros,0,2,2,0,0,0,2,No,No se encuentra castrada.,,,No se encuentra castrada.,Si,Si,Si,Si,Viven dentro de su hogar,,,Viven dentro de su hogar,Todo el tiempo,Gatos,Gatos,,No es necesaria la participación del municipio,,,,No es necesaria la participación del municipio,Si
2026-04-07 23:41:17,San Francisco,Roca,General Roca,2080,Casa Propia,2,Gatos,Gatos,,0,0,0,2,0,2,2,Si,En forma particular,En forma particular,,,No,Si,Si,No,Salen solos a la calle | Viven dentro de su hogar,Salen solos a la calle,,Viven dentro de su hogar,A veces,Gatos | Perros,Gatos,Perros,Castraciones masivas | Educación,Castraciones masivas,,Educación,,Un poco
2026-04-07 23:42:48,Frontera,Barrio Francucci,Francucci,407,Casa Propia,2,Perros,,Perros,1,1,2,0,0,0,2,Si,En forma particular | Municipio,En forma particular,Municipio,,Si,Si,Si,No,Viven dentro de su hogar,,,Viven dentro de su hogar,Todo el tiempo,Perros,,Perros,Educación,,,Educación,,Si
2026-04-07 23:46:48,San Francisco,Catedral,Catedral,664,Casa Propia,2,Gatos,Gatos,,0,0,0,0,3,3,3,Si,En forma particular,En forma particular,,,No,No,Si,No,Viven dentro de su hogar,,,Viven dentro de su hogar,A veces,Perros,,Perros,Castraciones masivas | Educación,Castraciones masivas,,Educación,,Si
2026-04-07 23:58:50,San Francisco,parque de las rosas,Parque de las Rosas,1186,Casa Propia,4,Gatos,Gatos,,0,0,0,0,1,1,1,Si,En forma particular,En forma particular,,,Si,Si,Si,No,Salen solos a la calle,Salen solos a la calle,,,Todo el tiempo,Perros,,Perros,Castraciones masivas | Control de identificación,Castraciones masivas,Control de identificación,,,Si
2026-04-08 00:02:18,San Francisco,Palmares III,Palmares 3,2060,Casa Propia,2,Gatos | Perros,Gatos,Perros,1,1,2,1,0,1,3,Si,En forma particular,En forma particular,,,Si,Si,Si,Si,Tienen identificador | Viven dentro de su hogar,,Tienen identificador,Viven dentro de su hogar,Todo el tiempo,Perros,,Perros,Control de identificación | Educación,,Control de identificación,Educación,,Si
2026-04-08 00:04:15,San Francisco,Las 800,Las 800 Viviendas,834,Casa en Alquiler,3,Gatos | Perros,Gatos,Perros,1,1,2,1,2,3,5,Si,Municipio,,Municipio,,Si,Si,No,No,Viven dentro de su hogar,,,Viven dentro de su hogar,Todo el tiempo,Gatos,Gatos,,Castraciones masivas | Control de identificación | Educación,Castraciones masivas,Control de identificación,Educación,,Si
2026-04-08 00:06:31,San Francisco,La milka,La Milka,1471,Casa en Alquiler,1,Perros,,Perros,3,0,3,0,0,0,3,Si,En forma particular,En forma particular,,,Si,Si,Si,No,Salen solos a la calle,Salen solos a la calle,,,A veces,Perros,,Perros,Castraciones masivas,Castraciones masivas,,,,Si
2026-04-08 00:10:23,San Francisco,Palmares ,Palmares,2012,Casa Propia,2,Perros,,Perros,0,1,1,0,0,0,1,Si,En forma particular,En forma particular,,,Si,Si,Si,No,Viven dentro de su hogar,,,Viven dentro de su hogar,Nunca,Perros,,Perros,Castraciones masivas | Educación,Castraciones masivas,,Educación,,Si
2026-04-08 00:15:53,San Francisco,Palmares 1,Palmares 1,2303,Casa Propia,3,Perros,,Perros,0,1,1,0,0,0,1,Si,Municipio,,Municipio,,Si,Si,Si,Si,Viven dentro de su hogar,,,Viven dentro de su hogar,A veces,Perros,,Perros,Castraciones masivas | Educación,Castraciones masivas,,Educación,,Si
2026-04-08 00:32:16,San Francisco,Los Palmares ,Palmares,1629,Casa en Alquiler,3,Gatos | Perros,Gatos,Perros,0,1,1,0,2,2,3,Si,Municipio,,Municipio,,Si,Si,Si,Si,Viven dentro de su hogar,,,Viven dentro de su hogar,A veces,Perros,,Perros,Castraciones masivas | Control de identificación | Educación,Castraciones masivas,Control de identificación,Educación,,Si
2026-04-08 03:38:32,Otra,Nueva cordoba,Nueva Córdoba,1093,Departamento en Alquiler,2,Perros,,Perros,1,0,1,0,0,0,1,Si,En forma particular,En forma particular,,,Si,Si,Si,Si,Viven dentro de su hogar,,,Viven dentro de su hogar,Todo el tiempo,Perros,,Perros,Castraciones masivas | Educación,Castraciones masivas,,Educación,,Un poco
2026-04-08 04:04:26,San Francisco,Cottolengo,Cottolengo,3076,Casa en Alquiler,2,Gatos | Perros,Gatos,Perros,1,0,1,1,0,1,2,Si,Municipio,,Municipio,,Si,Si,Si,No,Viven dentro de su hogar,,,Viven dentro de su hogar,Todo el tiempo,Perros,,Perros,Castraciones masivas | Control de identificación,Castraciones masivas,Control de identificación,,,Si
2026-04-08 06:27:08,San Francisco,Palmares 3 ,Palmares 3,2044,Casa en Alquiler,2,Perros,,Perros,1,1,2,0,0,0,2,Si,En forma particular,En forma particular,,,Si,Si,Si,Si,Viven dentro de su hogar,,,Viven dentro de su hogar,Todo el tiempo,Perros,,Perros,Castraciones masivas | Control de identificación,Castraciones masivas,Control de identificación,,,Si
2026-04-08 07:27:17,San Francisco,Palmares 3,Palmares 3,2502,Casa en Alquiler,4,Perros,,Perros,0,1,1,0,0,0,1,Si,Municipio,,Municipio,,Si,No,No,No,Viven dentro de su hogar,,,Viven dentro de su hogar,Todo el tiempo,Perros,,Perros,Control de identificación | Educación,,Control de identificación,Educación,,Un poco
2026-04-08 07:28:27,San Francisco,Palmares,Palmares,1700,Casa Propia,4,Gatos | Perros,Gatos,Perros,2,0,2,> 5,1,> 6,> 8,Si,Municipio,,Municipio,,Si,Si,Si,Si,Salen solos a la calle | Viven dentro de su hogar,Salen solos a la calle,,Viven dentro de su hogar,A veces,Gatos | Perros,Gatos,Perros,Control de identificación,,Control de identificación,,,Si
2026-04-08 07:35:28,San Francisco,Independencia ,Independencia,3747,Casa Propia,3,Perros,,Perros,0,1,1,0,0,0,1,Si,En forma particular,En forma particular,,,No,Si,Si,No,Viven dentro de su hogar,,,Viven dentro de su hogar,A veces,Perros,,Perros,Castraciones masivas | Control de identificación | Educación,Castraciones masivas,Control de identificación,Educación,,Un poco
2026-04-08 07:41:33,San Francisco,Palmares 1,Palmares 1,1797,Casa Propia,3,Gatos | Perros,Gatos,Perros,0,2,2,1,1,2,4,Si,Municipio,,Municipio,,Si,Si,Si,No,Viven dentro de su hogar,,,Viven dentro de su hogar,A veces,Perros,,Perros,Castraciones masivas,Castraciones masivas,,,,Si
2026-04-08 07:47:32,San Francisco,Roca,General Roca,2247,Casa Propia,1,Perros,,Perros,0,3,3,0,0,0,3,Si,Municipio,,Municipio,,Si,Si,Si,Si,Viven dentro de su hogar,,,Viven dentro de su hogar,Todo el tiempo,Perros,,Perros,Control de identificación,,Control de identificación,,,Si
2026-04-08 07:59:13,San Francisco,Altos del Prado,Altos del Prado,1730,Casa Propia,1,Gatos,Gatos,,0,0,0,0,1,1,1,Si,En forma particular,En forma particular,,,Si,Si,Si,Si,Viven dentro de su hogar,,,Viven dentro de su hogar,A veces,Perros,,Perros,Educación,,,Educación,,Si
2026-04-08 08:13:01,San Francisco,Sarmiento,Sarmiento,406,Casa Propia,2,Gatos | Perros,Gatos,Perros,0,1,1,0,1,1,2,Si,Municipio,,Municipio,,Si,Si,Si,No,Viven dentro de su hogar,,,Viven dentro de su hogar,Todo el tiempo,Perros,,Perros,Educación,,,Educación,,Si
2026-04-08 08:21:38,San Francisco,Palmares,Palmares,2600,Casa Propia,5,Gatos | Perros,Gatos,Perros,1,0,1,1,0,1,2,Si,En forma particular,En forma particular,,,Si,Si,No,Si,Viven dentro de su hogar,,,Viven dentro de su hogar,A veces,Gatos | Perros,Gatos,Perros,Castraciones masivas | Educación,Castraciones masivas,,Educación,,Si
2026-04-08 08:35:27,San Francisco,Roca,General Roca,2500,Casa Propia,4,Perros,,Perros,1,1,2,0,0,0,2,Si,Municipio,,Municipio,,Si,Si,Si,Si,Tienen identificador | Viven dentro de su hogar,,Tienen identificador,Viven dentro de su hogar,A veces,Gatos | Perros,Gatos,Perros,Castraciones masivas | Control de identificación | Educación,Castraciones masivas,Control de identificación,Educación,,Si
2026-04-08 08:40:50,San Francisco,Catedral,Catedral,110,Departamento en Alquiler,3,Gatos | Perros,Gatos,Perros,0,1,1,0,1,1,2,Si,En forma particular,En forma particular,,,Si,Si,Si,Si,Viven dentro de su hogar,,,Viven dentro de su hogar,Todo el tiempo,Gatos | Perros,Gatos,Perros,Castraciones masivas | Control de identificación | Educación,Castraciones masivas,Control de identificación,Educación,,Si
2026-04-08 08:46:03,San Francisco,Roca,General Roca,472,Casa Propia,2,Perros,,Perros,0,1,1,0,0,0,1,Si,En forma particular,En forma particular,,,Si,Si,Si,Si,Viven dentro de su hogar,,,Viven dentro de su hogar,Todo el tiempo,Perros,,Perros,Castraciones masivas | Educación,Castraciones masivas,,Educación,,Si
2026-04-08 08:47:33,San Francisco,Nuevo parque Maipú ,Nuevo Parque Maipú,3258,Casa Propia,1,Perros,,Perros,1,2,3,0,0,0,3,Si,Municipio,,Municipio,,Si,Si,Si,Si,Viven dentro de su hogar,,,Viven dentro de su hogar,A veces,Perros,,Perros,Castraciones masivas | Educación,Castraciones masivas,,Educación,,Si
2026-04-08 08:47:41,San Francisco,Palmares 3,Palmares 3,2381,Casa Propia,2,Perros,,Perros,1,1,2,0,0,0,2,Si,Municipio,,Municipio,,Si,Si,Si,Si,Viven dentro de su hogar,,,Viven dentro de su hogar,A veces,Perros,,Perros,Castraciones masivas | Control de identificación | Educación,Castraciones masivas,Control de identificación,Educación,,Si
2026-04-08 08:51:23,San Francisco,Centro,Centro,1570,Departamento en Alquiler,2,Perros,,Perros,0,1,1,0,0,0,1,Si,Municipio,,Municipio,,Si,Si,Si,No,Viven dentro de su hogar,,,Viven dentro de su hogar,Todo el tiempo,Perros,,Perros,Castraciones masivas,Castraciones masivas,,,,Si
2026-04-08 08:57:59,San Francisco,Roque Sáenz Peña ,Roque Sáenz Peña,741,Casa en Alquiler,1,Gatos | Perros,Gatos,Perros,1,0,1,0,1,1,2,Si,En forma particular,En forma particular,,,Si,Si,Si,No,Viven dentro de su hogar,,,Viven dentro de su hogar,Todo el tiempo,Gatos | Perros,Gatos,Perros,Castraciones masivas,Castraciones masivas,,,,Si
2026-04-08 09:26:14,San Francisco,Palmarés 3,Palmares 3,2654,Casa Propia,2,Gatos | Perros,Gatos,Perros,0,3,3,0,1,1,4,Si,En forma particular,En forma particular,,,Si,Si,Si,Si,Viven dentro de su hogar,,,Viven dentro de su hogar,Todo el tiempo,Perros,,Perros,Castraciones masivas | Control de identificación | Educación,Castraciones masivas,Control de identificación,Educación,,Si
2026-04-08 10:52:18,San Francisco,Velez Sarfield ,Vélez Sarsfield,1174,Casa en Alquiler,2,Perros,,Perros,0,2,2,0,0,0,2,Si,Municipio,,Municipio,,Si,No,Si,No,Viven dentro de su hogar,,,Viven dentro de su hogar,Todo el tiempo,Perros,,Perros,Castraciones masivas | Control de identificación | Educación,Castraciones masivas,Control de identificación,Educación,,Si
2026-04-08 11:03:24,San Francisco,Milka - Procrear ,La Milka,1984,Departamento Propio,2,Perros,,Perros,0,1,1,0,0,0,1,Si,En forma particular,En forma particular,,,Si,Si,Si,Si,Salen solos a la calle | Viven dentro de su hogar,Salen solos a la calle,,Viven dentro de su hogar,Todo el tiempo,Gatos | Perros,Gatos,Perros,Castraciones masivas | Control de identificación | Educación,Castraciones masivas,Control de identificación,Educación,,Si
2026-04-08 11:05:05,San Francisco,Vélez SARSFIELD ,Vélez Sarsfield,456,Casa en Alquiler,2,Gatos,Gatos,,0,0,0,0,2,2,2,Si,En forma particular | Municipio,En forma particular,Municipio,,Si,Si,Si,Si,Tienen identificador | Viven dentro de su hogar,,Tienen identificador,Viven dentro de su hogar,A veces,Perros,,Perros,Castraciones masivas | Control de identificación,Castraciones masivas,Control de identificación,,,Si
2026-04-08 11:46:22,San Francisco,Casonas del Bosque,Casonas del Bosque,115,Casa Propia,3,Perros,,Perros,2,0,2,0,0,0,2,Si,En forma particular,En forma particular,,,Si,Si,Si,Si,Viven dentro de su hogar,,,Viven dentro de su hogar,A veces,Perros,,Perros,Castraciones masivas,Castraciones masivas,,,,Si
2026-04-08 11:48:54,San Francisco,Vélez Sarsfield ,Vélez Sarsfield,982,Casa Propia,3,Gatos | Perros,Gatos,Perros,> 5,0,> 5,1,0,1,> 6,Si,En forma particular,En forma particular,,,Si,No,Si,No,Viven dentro de su hogar,,,Viven dentro de su hogar,Todo el tiempo,Perros,,Perros,Castraciones masivas | Control de identificación | Educación,Castraciones masivas,Control de identificación,Educación,,Un poco
2026-04-08 11:52:54,San Francisco,Centro,Centro,287,Departamento en Alquiler,2,Perros,,Perros,0,1,1,0,0,0,1,Si,Municipio,,Municipio,,Si,Si,Si,Si,Viven dentro de su hogar,,,Viven dentro de su hogar,A veces,Perros,,Perros,Castraciones masivas | Control de identificación | Educación,Castraciones masivas,Control de identificación,Educación,,Si
2026-04-08 11:55:37,San Francisco,Bouchard,Bouchard,1731,Casa Propia,3,Perros,,Perros,1,0,1,0,0,0,1,No,No se encuentra castrada.,,,No se encuentra castrada.,Si,Si,Si,Si,Viven dentro de su hogar,,,Viven dentro de su hogar,Todo el tiempo,Perros,,Perros,Educación,,,Educación,,Si
2026-04-08 12:10:16,San Francisco,Casonas del Bosque,Casonas del Bosque,63,Casa Propia,2,Perros,,Perros,0,2,2,0,0,0,2,Si,En forma particular,En forma particular,,,Si,Si,Si,Si,Tienen identificador | Viven dentro de su hogar,,Tienen identificador,Viven dentro de su hogar,A veces,Perros,,Perros,Control de identificación,,Control de identificación,,,Si
2026-04-08 12:17:23,San Francisco,Los palmares,Palmares,2362,Casa Propia,5,Perros,,Perros,1,0,1,0,0,0,1,No,No se encuentra castrada.,,,No se encuentra castrada.,Si,Si,Si,Si,Viven dentro de su hogar,,,Viven dentro de su hogar,Todo el tiempo,Perros,,Perros,Educación,,,Educación,,Si
2026-04-08 14:14:37,San Francisco,Consolata,La Consolata,2678,Casa en Alquiler,3,Perros,,Perros,1,0,1,0,0,0,1,Si,En forma particular,En forma particular,,,Si,Si,Si,No,Viven dentro de su hogar,,,Viven dentro de su hogar,A veces,Perros,,Perros,Castraciones masivas | Control de identificación | Educación,Castraciones masivas,Control de identificación,Educación,,Un poco
2026-04-08 14:53:04,San Francisco,El prado ,El Prado,1345,Casa Propia,3,Gatos | Perros,Gatos,Perros,1,0,1,0,1,1,2,No,En forma particular,En forma particular,,,Si,Si,Si,Si,Salen solos a la calle | Viven dentro de su hogar,Salen solos a la calle,,Viven dentro de su hogar,Todo el tiempo,Perros,,Perros,Educación,,,Educación,,Si
2026-04-08 17:43:14,San Francisco,Rocca,General Roca,1684,Departamento Propio,1,Gatos | Perros,Gatos,Perros,1,2,3,1,2,3,6,Si,En forma particular,En forma particular,,,Si,Si,Si,Si,Viven dentro de su hogar,,,Viven dentro de su hogar,A veces,Perros,,Perros,Educación,,,Educación,,Si
2026-04-08 17:44:27,San Francisco,Timbues,Timbúes,4034,Casa en Alquiler,2,Perros,,Perros,1,2,3,0,0,0,3,Si,En forma particular | Municipio,En forma particular,Municipio,,No,Si,Si,Si,Tienen identificador | Viven dentro de su hogar,,Tienen identificador,Viven dentro de su hogar,A veces,Perros,,Perros,Castraciones masivas | Control de identificación | Educación,Castraciones masivas,Control de identificación,Educación,,Si
2026-04-08 18:56:33,San Francisco,Sarmiento ,Sarmiento,759,Casa Propia,4,Perros,,Perros,1,0,1,0,0,0,1,No,No se encuentra castrada.,,,No se encuentra castrada.,Si,Si,Si,Si,Viven dentro de su hogar,,,Viven dentro de su hogar,Todo el tiempo,Perros,,Perros,Control de identificación | Educación,,Control de identificación,Educación,,Si
2026-04-08 22:21:19,San Francisco,9 de septiembre ,9 de Septiembre,1300,Casa Propia,3,Gatos | Perros,Gatos,Perros,1,0,1,2,0,2,3,Si,En forma particular | Municipio,En forma particular,Municipio,,Si,Si,Si,Si,Viven dentro de su hogar,,,Viven dentro de su hogar,A veces,Perros,,Perros,Castraciones masivas | Control de identificación | Educación,Castraciones masivas,Control de identificación,Educación,,Si
2026-04-08 22:50:15,San Francisco,Roca,General Roca,366,Casa Propia,1,Gatos | Perros,Gatos,Perros,0,1,1,0,1,1,2,Si,En forma particular,En forma particular,,,Si,Si,Si,No,Viven dentro de su hogar,,,Viven dentro de su hogar,Todo el tiempo,Perros,,Perros,Castraciones masivas | Educación,Castraciones masivas,,Educación,,Si
2026-04-08 22:54:58,San Francisco,San Francisco ,Plaza San Francisco,345,Casa Propia,1,Perros,,Perros,0,1,1,0,0,0,1,No,No se encuentra castrada.,,,No se encuentra castrada.,Si,Si,Si,No,Tienen identificador | Viven dentro de su hogar,,Tienen identificador,Viven dentro de su hogar,Todo el tiempo,Perros,,Perros,Control de identificación,,Control de identificación,,,Si
2026-04-08 23:26:15,San Francisco,El prado,El Prado,1300,Casa en Alquiler,2,Gatos,Gatos,,0,0,0,1,2,3,3,Si,Municipio,,Municipio,,Si,Si,Si,Si,Tienen identificador,,Tienen identificador,,A veces,Gatos | Perros,Gatos,Perros,Castraciones masivas | Control de identificación | Educación,Castraciones masivas,Control de identificación,Educación,,Si
2026-04-09 11:56:16,San Francisco,Sarmiento,Sarmiento,150,Casa Propia,4,Gatos,Gatos,,0,0,0,1,3,4,4,Si,Municipio,,Municipio,,Si,No,Si,Si,Viven dentro de su hogar,,,Viven dentro de su hogar,Todo el tiempo,Gatos,Gatos,,Castraciones masivas | Control de identificación,Castraciones masivas,Control de identificación,,,Si
2026-04-09 11:56:51,San Francisco,MAIPU,Maipú,3770,Casa Propia,4,Gatos | Perros,Gatos,Perros,0,1,1,1,0,1,2,Si,En forma particular | Municipio,En forma particular,Municipio,,Si,Si,Si,No,Tienen identificador | Viven dentro de su hogar,,Tienen identificador,Viven dentro de su hogar,A veces,Perros,,Perros,Control de identificación,,Control de identificación,,,Si
2026-04-09 11:57:23,San Francisco,velez sarfueld,Vélez Sarsfield,1618,Casa Propia,5,Gatos | Perros,Gatos,Perros,0,1,1,2,0,2,3,No,No se encuentra castrada.,,,No se encuentra castrada.,Si,Si,Si,No,Salen solos a la calle | Viven dentro de su hogar,Salen solos a la calle,,Viven dentro de su hogar,A veces,Perros,,Perros,Educación,,,Educación,,Si
2026-04-09 12:03:52,San Francisco,Roca,General Roca,2260,Casa Propia,4,Perros,,Perros,0,1,1,0,0,0,1,Si,En forma particular,En forma particular,,,Si,Si,Si,No,Viven dentro de su hogar,,,Viven dentro de su hogar,Todo el tiempo,Perros,,Perros,Castraciones masivas | Educación,Castraciones masivas,,Educación,,Si
2026-04-09 12:06:07,San Francisco,Ciudad,Ciudad,3764,Casa Propia,5,Gatos,Gatos,,0,0,0,0,1,1,1,Si,En forma particular,En forma particular,,,Si,Si,Si,No,Salen solos a la calle | Viven dentro de su hogar,Salen solos a la calle,,Viven dentro de su hogar,A veces,Perros,,Perros,Castraciones masivas | Educación,Castraciones masivas,,Educación,,Si
2026-04-09 12:11:08,San Francisco,Vélez Sarfield ,Vélez Sarsfield,1618,Casa Propia,5,Gatos | Perros,Gatos,Perros,0,2,2,1,0,1,3,No,No se encuentra castrada.,,,No se encuentra castrada.,No,Si,Si,No,Viven dentro de su hogar,,,Viven dentro de su hogar,Todo el tiempo,Perros,,Perros,Educación,,,Educación,,Si
2026-04-09 12:11:18,San Francisco,Roca,General Roca,2372,Casa Propia,4,Gatos,Gatos,,0,0,0,1,0,1,1,Si,En forma particular,En forma particular,,,No,Si,No,Si,Viven dentro de su hogar,,,Viven dentro de su hogar,A veces,Perros,,Perros,Educación,,,Educación,,Si
2026-04-09 12:39:28,San Francisco,Cotolengo ,Cottolengo,3370,Casa Propia,3,Gatos | Perros,Gatos,Perros,0,1,1,0,1,1,2,Si,En forma particular,En forma particular,,,Si,Si,Si,Si,Viven dentro de su hogar,,,Viven dentro de su hogar,A veces,Perros,,Perros,Castraciones masivas | Educación,Castraciones masivas,,Educación,,Si
2026-04-09 13:26:57,San Francisco,bouchard,Bouchard,1556,Casa Propia,3,Perros,,Perros,0,1,1,0,0,0,1,No,No se encuentra castrada.,,,No se encuentra castrada.,No,Si,Si,Si,Tienen identificador | Viven dentro de su hogar,,Tienen identificador,Viven dentro de su hogar,A veces,Perros,,Perros,Control de identificación | Educación,,Control de identificación,Educación,,Si
2026-04-09 15:04:37,San Francisco,Sarmiento ,Sarmiento,458,Casa Propia,2,Perros,,Perros,0,2,2,0,0,0,2,Si,Municipio,,Municipio,,Si,Si,Si,Si,Viven dentro de su hogar,,,Viven dentro de su hogar,Todo el tiempo,Gatos | Perros,Gatos,Perros,Castraciones masivas | Control de identificación | Educación,Castraciones masivas,Control de identificación,Educación,,Si
2026-04-09 16:07:34,San Francisco,Palmares l ,Palmares 1,1766,Casa Propia,2,Perros,,Perros,1,1,2,0,0,0,2,Si,En forma particular,En forma particular,,,Si,Si,Si,Si,Viven dentro de su hogar,,,Viven dentro de su hogar,Todo el tiempo,Perros,,Perros,Control de identificación,,Control de identificación,,,Si
2026-04-09 20:00:08,San Francisco,Velez Sarfield,Vélez Sarsfield,300,Departamento Propio,2,Gatos | Perros,Gatos,Perros,0,1,1,1,0,1,2,Si,Municipio,,Municipio,,Si,Si,Si,No,Viven dentro de su hogar,,,Viven dentro de su hogar,Nunca,Perros,,Perros,Castraciones masivas | Educación,Castraciones masivas,,Educación,,Si
2026-04-09 20:02:54,San Francisco,Libertador sur ,La Milka,1204,Casa Propia,7,Gatos | Perros,Gatos,Perros,2,1,3,0,2,2,5,Si,Municipio,,Municipio,,Si,Si,Si,No,Tienen identificador | Viven dentro de su hogar,,Tienen identificador,Viven dentro de su hogar,Todo el tiempo,Perros,,Perros,Castraciones masivas | Control de identificación,Castraciones masivas,Control de identificación,,,Si
2026-04-09 21:04:53,San Francisco,Catedral,Catedral,390,Departamento en Alquiler,2,Gatos,Gatos,,0,0,0,0,1,1,1,Si,En forma particular,En forma particular,,,Si,Si,Si,Si,Viven dentro de su hogar,,,Viven dentro de su hogar,Todo el tiempo,Perros,,Perros,Control de identificación | Educación,,Control de identificación,Educación,,Si
2026-04-11 01:28:14,San Francisco,El prado,El Prado,2408,Casa Propia,4,Gatos | Perros,Gatos,Perros,1,0,1,1,1,2,3,Si,Municipio | No se encuentra castrada.,,Municipio,No se encuentra castrada.,Si,Si,Si,No,Viven dentro de su hogar,,,Viven dentro de su hogar,Todo el tiempo,Gatos | Perros,Gatos,Perros,Castraciones masivas,Castraciones masivas,,,,Si
2026-04-11 09:32:16,San Francisco,Dos hermanos ,Dos Hermanos,400,Casa Propia,2,Perros,,Perros,0,2,2,0,0,0,2,Si,En forma particular,En forma particular,,,Si,Si,Si,Si,Viven dentro de su hogar,,,Viven dentro de su hogar,Todo el tiempo,Perros,,Perros,Control de identificación | Educación,,Control de identificación,Educación,,Si
2026-04-11 09:52:30,San Francisco,velez sarsfield,Vélez Sarsfield,1000,Casa Propia,1,Perros,,Perros,1,1,2,0,0,0,2,Si,Municipio,,Municipio,,Si,Si,Si,Si,Viven dentro de su hogar,,,Viven dentro de su hogar,A veces,Gatos | Perros,Gatos,Perros,Castraciones masivas,Castraciones masivas,,,,Si
2026-04-11 09:56:39,San Francisco,Catedral ,Catedral,2027,Departamento en Alquiler,2,Perros,,Perros,1,0,1,0,0,0,1,Si,En forma particular,En forma particular,,,Si,Si,Si,Si,Tienen identificador | Viven dentro de su hogar,,Tienen identificador,Viven dentro de su hogar,Todo el tiempo,Perros,,Perros,Castraciones masivas,Castraciones masivas,,,,Si
2026-04-11 10:00:55,Plaza San Francisco,Plaza San Francisco ,Plaza San Francisco,4614,Casa Propia,3,Gatos | Perros,Gatos,Perros,0,1,1,0,2,2,3,Si,En forma particular,En forma particular,,,Si,Si,Si,Si,Viven dentro de su hogar,,,Viven dentro de su hogar,Todo el tiempo,Perros,,Perros,Castraciones masivas | Control de identificación,Castraciones masivas,Control de identificación,,,Un poco
2026-04-11 10:04:59,San Francisco,9 de septiembre ,9 de Septiembre,1382,Casa en Alquiler,2,Perros,,Perros,0,1,1,0,0,0,1,Si,Municipio,,Municipio,,Si,No,Si,No,Salen solos a la calle | Tienen identificador | Viven dentro de su hogar,Salen solos a la calle,Tienen identificador,Viven dentro de su hogar,A veces,Gatos | Perros,Gatos,Perros,Castraciones masivas | Control de identificación | Educación,Castraciones masivas,Control de identificación,Educación,,Si
2026-04-11 10:07:38,San Francisco,Consolata,La Consolata,2673,Casa Propia,1,Gatos | Perros,Gatos,Perros,0,2,2,1,0,1,3,Si,En forma particular,En forma particular,,,Si,Si,Si,Si,Viven dentro de su hogar,,,Viven dentro de su hogar,Todo el tiempo,Perros,,Perros,Castraciones masivas | Control de identificación | Educación,Castraciones masivas,Control de identificación,Educación,,Si
2026-04-11 10:24:39,San Francisco,Roca,General Roca,1980,Departamento en Alquiler,2,Gatos,Gatos,,0,0,0,0,2,2,2,Si,En forma particular,En forma particular,,,Si,No,Si,No,Tienen identificador | Viven dentro de su hogar,,Tienen identificador,Viven dentro de su hogar,Todo el tiempo,Perros,,Perros,Castraciones masivas | Educación,Castraciones masivas,,Educación,,Un poco
2026-04-11 10:38:15,San Francisco,Palmares 4,Palmares 4,2000,Casa Propia,4,Gatos | Perros,Gatos,Perros,0,2,2,1,1,2,4,Si,En forma particular | Municipio,En forma particular,Municipio,,Si,Si,Si,Si,Viven dentro de su hogar,,,Viven dentro de su hogar,Todo el tiempo,Perros,,Perros,Castraciones masivas | Control de identificación | Educación,Castraciones masivas,Control de identificación,Educación,,Si
2026-04-11 10:41:25,San Francisco,San Martin ,San Martín,2257,Casa en Alquiler,2,Gatos,Gatos,,0,0,0,0,1,1,1,Si,Municipio,,Municipio,,Si,Si,Si,Si,Tienen identificador | Viven dentro de su hogar,,Tienen identificador,Viven dentro de su hogar,Todo el tiempo,Perros,,Perros,Castraciones masivas,Castraciones masivas,,,,Si
2026-04-11 10:47:25,San Francisco,Roca,General Roca,2736,Casa en Alquiler,2,Gatos | Perros,Gatos,Perros,0,2,2,0,1,1,3,Si,Municipio,,Municipio,,Si,Si,Si,No,Viven dentro de su hogar,,,Viven dentro de su hogar,A veces,Perros,,Perros,Control de identificación,,Control de identificación,,,Si
2026-04-11 10:50:43,San Francisco,Catedral,Catedral,630,Casa Propia,2,Perros,,Perros,1,0,1,0,0,0,1,No,No se encuentra castrada.,,,No se encuentra castrada.,Si,Si,Si,No,Viven dentro de su hogar,,,Viven dentro de su hogar,A veces,Perros,,Perros,Castraciones masivas,Castraciones masivas,,,,Si
2026-04-11 11:11:28,San Francisco,Emprendimiento del Sur,Emprendimiento Del Sur,1736,Casa Propia,2,Perros,,Perros,1,1,2,0,0,0,2,Si,Municipio,,Municipio,,Si,Si,Si,Si,Viven dentro de su hogar,,,Viven dentro de su hogar,Todo el tiempo,Perros,,Perros,Castraciones masivas,Castraciones masivas,,,,Si
2026-04-11 11:19:46,San Francisco,Villa Golf ,Villa Golf,3078,Casa Propia,3,Gatos | Perros,Gatos,Perros,0,3,3,1,2,3,6,Si,En forma particular | Municipio,En forma particular,Municipio,,Si,Si,Si,Si,Viven dentro de su hogar,,,Viven dentro de su hogar,A veces,Perros,,Perros,Castraciones masivas | Control de identificación,Castraciones masivas,Control de identificación,,,Si
2026-04-11 11:30:46,San Francisco,Independencia,Independencia,3300,Casa Propia,1,Gatos | Perros,Gatos,Perros,1,0,1,0,1,1,2,Si,Municipio,,Municipio,,Si,Si,Si,Si,Viven dentro de su hogar,,,Viven dentro de su hogar,A veces,Perros,,Perros,Castraciones masivas,Castraciones masivas,,,,Si
2026-04-11 11:42:53,San Francisco,Jardín ,Jardín,2600,Casa en Alquiler,1,Perros,,Perros,1,2,3,0,0,0,3,Si,Municipio,,Municipio,,Si,Si,Si,Si,Viven dentro de su hogar,,,Viven dentro de su hogar,Todo el tiempo,Perros,,Perros,Castraciones masivas | Control de identificación | Educación,Castraciones masivas,Control de identificación,Educación,,Si
2026-04-11 11:44:11,San Francisco,Catedral ,Catedral,135,Casa en Alquiler,2,Perros,,Perros,2,1,3,0,0,0,3,Si,En forma particular | Municipio,En forma particular,Municipio,,Si,Si,Si,No,Viven dentro de su hogar,,,Viven dentro de su hogar,Nunca,Perros,,Perros,Castraciones masivas | Control de identificación | Educación,Castraciones masivas,Control de identificación,Educación,,Si
2026-04-11 11:46:28,San Francisco,Independencia ,Independencia,3091,Casa Propia,3,Gatos | Perros,Gatos,Perros,0,1,1,0,1,1,2,Si,Municipio,,Municipio,,Si,Si,Si,No,Viven dentro de su hogar,,,Viven dentro de su hogar,Todo el tiempo,Gatos,Gatos,,Castraciones masivas | Control de identificación,Castraciones masivas,Control de identificación,,,Si
2026-04-11 11:47:08,San Francisco,Consolata,La Consolata,660,Departamento en Alquiler,2,Perros,,Perros,0,1,1,0,0,0,1,No,No se encuentra castrada.,,,No se encuentra castrada.,Si,Si,Si,Si,Viven dentro de su hogar,,,Viven dentro de su hogar,Todo el tiempo,Perros,,Perros,Castraciones masivas | Educación,Castraciones masivas,,Educación,,Si
2026-04-11 11:48:00,San Francisco,San Francisco ,Plaza San Francisco,160,Casa en Alquiler,4,Perros,,Perros,0,1,1,0,0,0,1,No,No se encuentra castrada.,,,No se encuentra castrada.,Si,Si,Si,Si,Tienen identificador | Viven dentro de su hogar,,Tienen identificador,Viven dentro de su hogar,Todo el tiempo,Perros,,Perros,Castraciones masivas | Educación,Castraciones masivas,,Educación,,Si
2026-04-11 11:50:06,San Francisco,Dos hermanos,Dos Hermanos,3300,Casa Propia,4,Perros,,Perros,1,0,1,0,0,0,1,Si,En forma particular,En forma particular,,,Si,Si,Si,Si,Viven dentro de su hogar,,,Viven dentro de su hogar,A veces,Perros,,Perros,Castraciones masivas | Educación,Castraciones masivas,,Educación,,Si
2026-04-11 11:55:57,San Francisco,Catedral,Catedral,1188,Casa en Alquiler,3,Perros,,Perros,2,0,2,0,0,0,2,No,No se encuentra castrada.,,,No se encuentra castrada.,Si,Si,Si,Si,Viven dentro de su hogar,,,Viven dentro de su hogar,Todo el tiempo,Perros,,Perros,Castraciones masivas | Control de identificación,Castraciones masivas,Control de identificación,,,Si
2026-04-11 11:59:27,San Francisco,ROCA,General Roca,2477,Casa en Alquiler,3,Gatos | Perros,Gatos,Perros,0,1,1,0,1,1,2,Si,En forma particular | Municipio,En forma particular,Municipio,,Si,Si,Si,No,Viven dentro de su hogar,,,Viven dentro de su hogar,A veces,Perros,,Perros,Castraciones masivas | Control de identificación | Educación,Castraciones masivas,Control de identificación,Educación,,Si
2026-04-11 12:04:51,San Francisco,Consolata,La Consolata,365,Casa en Alquiler,1,Perros,,Perros,1,0,1,0,0,0,1,Si,Municipio,,Municipio,,Si,Si,Si,Si,Viven dentro de su hogar,,,Viven dentro de su hogar,Todo el tiempo,Perros,,Perros,Castraciones masivas | Control de identificación | Educación,Castraciones masivas,Control de identificación,Educación,,Si
2026-04-11 12:11:43,San Francisco,Velez Sarfield ,Vélez Sarsfield,1100,Casa en Alquiler,2,Perros,,Perros,0,1,1,0,0,0,1,Si,Municipio,,Municipio,,Si,Si,Si,Si,Tienen identificador | Viven dentro de su hogar,,Tienen identificador,Viven dentro de su hogar,A veces,Perros,,Perros,Control de identificación | Educación,,Control de identificación,Educación,,Si
2026-04-11 12:16:29,San Francisco,Consolata,La Consolata,652,Departamento en Alquiler,1,Gatos,Gatos,,0,0,0,1,0,1,1,Si,En forma particular,En forma particular,,,Si,Si,Si,No,Viven dentro de su hogar,,,Viven dentro de su hogar,Todo el tiempo,Gatos | Perros,Gatos,Perros,Castraciones masivas | Control de identificación | Educación,Castraciones masivas,Control de identificación,Educación,,Si
2026-04-11 12:20:53,San Francisco,Catedral,Catedral,493,Casa en Alquiler,3,Perros,,Perros,0,1,1,0,0,0,1,Si,En forma particular,En forma particular,,,Si,Si,Si,Si,Viven dentro de su hogar,,,Viven dentro de su hogar,A veces,Perros,,Perros,Castraciones masivas,Castraciones masivas,,,,Si
2026-04-11 12:22:28,San Francisco,Barrio ciudad (las 400),Las 400 Viviendas,3960,Casa Propia,3,Perros,,Perros,0,3,3,0,0,0,3,Si,Municipio,,Municipio,,Si,Si,Si,Si,Tienen identificador | Viven dentro de su hogar,,Tienen identificador,Viven dentro de su hogar,A veces,Perros,,Perros,Castraciones masivas | Control de identificación | Educación,Castraciones masivas,Control de identificación,Educación,,Si
2026-04-11 12:31:15,San Francisco,Consolata,La Consolata,700,Casa en Alquiler,2,Perros,,Perros,0,1,1,0,0,0,1,Si,En forma particular,En forma particular,,,Si,Si,Si,No,Tienen identificador | Viven dentro de su hogar,,Tienen identificador,Viven dentro de su hogar,A veces,Perros,,Perros,Castraciones masivas | Educación,Castraciones masivas,,Educación,,Si
2026-04-11 12:33:59,San Francisco,Buchar,Bouchard,1773,Casa Propia,3,Perros,,Perros,2,1,3,0,0,0,3,Si,En forma particular,En forma particular,,,Si,Si,Si,Si,Viven dentro de su hogar,,,Viven dentro de su hogar,Todo el tiempo,Perros,,Perros,Castraciones masivas | Control de identificación | Educación,Castraciones masivas,Control de identificación,Educación,,Si
2026-04-11 12:56:46,San Francisco,9 de septiembre ,9 de Septiembre,1321,Casa Propia,3,Perros,,Perros,1,0,1,0,0,0,1,No,No se encuentra castrada.,,,No se encuentra castrada.,Si,Si,Si,No,Viven dentro de su hogar,,,Viven dentro de su hogar,Todo el tiempo,Gatos | Perros,Gatos,Perros,Castraciones masivas | Control de identificación | Educación,Castraciones masivas,Control de identificación,Educación,,Si
2026-04-11 13:13:44,San Francisco,La milka,La Milka,420,Casa Propia,3,Gatos | Perros,Gatos,Perros,2,2,4,1,4,5,9,Si,Municipio,,Municipio,,Si,Si,Si,No,Viven dentro de su hogar,,,Viven dentro de su hogar,Todo el tiempo,Gatos | Perros,Gatos,Perros,Castraciones masivas | Control de identificación | Educación,Castraciones masivas,Control de identificación,Educación,,Si
2026-04-11 13:14:01,San Francisco,Vélez Sarsfield ,Vélez Sarsfield,1629,Casa Propia,3,Perros,,Perros,0,1,1,0,0,0,1,Si,En forma particular,En forma particular,,,Si,Si,Si,No,Tienen identificador | Viven dentro de su hogar,,Tienen identificador,Viven dentro de su hogar,A veces,Perros,,Perros,Castraciones masivas,Castraciones masivas,,,,Si
2026-04-11 13:14:33,San Francisco,Roca,General Roca,2600,Casa Propia,3,Perros,,Perros,1,0,1,0,0,0,1,Si,En forma particular,En forma particular,,,Si,Si,Si,Si,Viven dentro de su hogar,,,Viven dentro de su hogar,A veces,Gatos,Gatos,,Control de identificación,,Control de identificación,,,Si
2026-04-11 13:20:24,San Francisco,B°Roca,General Roca,2455,Casa en Alquiler,2,Perros,,Perros,0,1,1,0,0,0,1,Si,Municipio,,Municipio,,Si,Si,Si,Si,Viven dentro de su hogar,,,Viven dentro de su hogar,A veces,Perros,,Perros,Castraciones masivas,Castraciones masivas,,,,Si
2026-04-11 13:21:17,San Francisco,Vélez Sarsfield ,Vélez Sarsfield,1592,Casa en Alquiler,2,Perros,,Perros,0,1,1,0,0,0,1,Si,Municipio,,Municipio,,Si,Si,Si,No,Viven dentro de su hogar,,,Viven dentro de su hogar,Todo el tiempo,Perros,,Perros,Castraciones masivas | Control de identificación | Educación,Castraciones masivas,Control de identificación,Educación,,Si
2026-04-11 13:23:19,San Francisco,Palmares 3,Palmares 3,2569,Casa Propia,2,Perros,,Perros,1,0,1,0,0,0,1,No,No se encuentra castrada.,,,No se encuentra castrada.,Si,Si,Si,Si,Viven dentro de su hogar,,,Viven dentro de su hogar,A veces,Perros,,Perros,Castraciones masivas | Control de identificación | Educación,Castraciones masivas,Control de identificación,Educación,,Si
2026-04-11 13:26:18,San Francisco,Brisas del Sur,Brisas del Sur,1797,Casa Propia,5,Gatos | Perros,Gatos,Perros,0,1,1,1,0,1,2,Si,Municipio,,Municipio,,Si,No,Si,No,Salen solos a la calle | Tienen identificador | Viven dentro de su hogar,Salen solos a la calle,Tienen identificador,Viven dentro de su hogar,A veces,Perros,,Perros,Castraciones masivas | Control de identificación,Castraciones masivas,Control de identificación,,,Un poco
2026-04-11 13:32:45,San Francisco,José Hernandez ,José Hernández,1950,Casa Propia,2,Gatos | Perros,Gatos,Perros,0,1,1,0,2,2,3,Si,En forma particular,En forma particular,,,Si,Si,Si,Si,Viven dentro de su hogar,,,Viven dentro de su hogar,Todo el tiempo,Perros,,Perros,Castraciones masivas | Control de identificación | Educación,Castraciones masivas,Control de identificación,Educación,,Si
2026-04-11 13:48:12,San Francisco,9 de Septiembre,9 de Septiembre,1253,Casa Propia,1,Gatos,Gatos,,0,0,0,0,2,2,2,Si,En forma particular,En forma particular,,,Si,Si,Si,No,Viven dentro de su hogar,,,Viven dentro de su hogar,A veces,Perros,,Perros,Castraciones masivas | Educación,Castraciones masivas,,Educación,,Si
2026-04-11 13:48:26,San Francisco,Sarmiento ,Sarmiento,939,Departamento en Alquiler,4,Gatos | Perros,Gatos,Perros,1,1,2,0,1,1,3,No,No se encuentra castrada.,,,No se encuentra castrada.,Si,Si,Si,Si,Viven dentro de su hogar,,,Viven dentro de su hogar,A veces,Perros,,Perros,Control de identificación,,Control de identificación,,,Si
2026-04-11 13:50:16,San Francisco,Sarmiento,Sarmiento,700,Casa en Alquiler,1,Gatos | Perros,Gatos,Perros,2,0,2,1,0,1,3,Si,Municipio,,Municipio,,Si,Si,Si,No,Viven dentro de su hogar,,,Viven dentro de su hogar,Todo el tiempo,Perros,,Perros,Castraciones masivas | Control de identificación | Educación,Castraciones masivas,Control de identificación,Educación,,Si
2026-04-11 13:53:00,San Francisco,Catedral ,Catedral,1813,Departamento en Alquiler,2,Gatos,Gatos,,0,0,0,0,1,1,1,Si,En forma particular,En forma particular,,,Si,Si,Si,No,Viven dentro de su hogar,,,Viven dentro de su hogar,A veces,Perros,,Perros,Castraciones masivas | Control de identificación,Castraciones masivas,Control de identificación,,,Si
2026-04-11 14:00:54,San Francisco,9 de Septiembre,9 de Septiembre,3087,Casa Propia,2,Perros,,Perros,2,0,2,0,0,0,2,Si,En forma particular,En forma particular,,,Si,Si,Si,No,Viven dentro de su hogar,,,Viven dentro de su hogar,Todo el tiempo,Perros,,Perros,Castraciones masivas | Educación,Castraciones masivas,,Educación,,Si
2026-04-11 14:03:46,San Francisco,Centro,Centro,910,Departamento en Alquiler,1,Gatos,Gatos,,0,0,0,1,0,1,1,Si,Municipio,,Municipio,,Si,Si,Si,No,Tienen identificador,,Tienen identificador,,A veces,Gatos,Gatos,,Control de identificación,,Control de identificación,,,Si
2026-04-11 14:19:32,San Francisco,José Hernández ,José Hernández,2313,Casa en Alquiler,2,Gatos,Gatos,,0,1,1,0,1,1,2,Si,En forma particular,En forma particular,,,Si,Si,Si,No,Salen solos a la calle,Salen solos a la calle,,,Todo el tiempo,Gatos | Perros,Gatos,Perros,Castraciones masivas,Castraciones masivas,,,,Un poco
2026-04-11 14:33:33,San Francisco,9 de septiembre ,9 de Septiembre,2840,Departamento en Alquiler,2,Perros,,Perros,1,0,1,0,0,0,1,No,No se encuentra castrada.,,,No se encuentra castrada.,Si,Si,Si,Si,Viven dentro de su hogar,,,Viven dentro de su hogar,A veces,Perros,,Perros,Castraciones masivas,Castraciones masivas,,,,Si
2026-04-11 14:35:04,San Francisco,La milka,La Milka,465,Casa Propia,3,Gatos | Perros,Gatos,Perros,2,0,2,1,1,2,4,Si,Municipio,,Municipio,,Si,Si,Si,Si,Viven dentro de su hogar,,,Viven dentro de su hogar,Todo el tiempo,Gatos | Perros,Gatos,Perros,Castraciones masivas | Control de identificación | Educación,Castraciones masivas,Control de identificación,Educación,,Si
2026-04-11 15:06:41,San Francisco,Cotolengo ,Cottolengo,3091,Casa Propia,2,Perros,,Perros,2,1,3,0,0,0,3,Si,En forma particular,En forma particular,,,Si,Si,Si,Si,Viven dentro de su hogar,,,Viven dentro de su hogar,A veces,Perros,,Perros,Castraciones masivas | Educación,Castraciones masivas,,Educación,,Si
2026-04-11 15:08:36,San Francisco,Catedral ,Catedral,1800,Departamento en Alquiler,1,Perros,,Perros,1,0,1,0,0,0,1,Si,En forma particular,En forma particular,,,Si,Si,Si,Si,Tienen identificador | Viven dentro de su hogar,,Tienen identificador,Viven dentro de su hogar,Todo el tiempo,Perros,,Perros,Control de identificación | Educación,,Control de identificación,Educación,,Si
2026-04-11 15:17:04,San Francisco,Roca,General Roca,2350,Departamento en Alquiler,2,Gatos | Perros,Gatos,Perros,0,1,1,0,1,1,2,Si,En forma particular,En forma particular,,,Si,Si,Si,No,Tienen identificador | Viven dentro de su hogar,,Tienen identificador,Viven dentro de su hogar,Todo el tiempo,Perros,,Perros,Castraciones masivas | Control de identificación | Educación,Castraciones masivas,Control de identificación,Educación,,Si
2026-04-11 15:47:56,San Francisco,Catedral,Catedral,1692,Casa Propia,2,Gatos | Perros,Gatos,Perros,0,1,1,0,3,3,4,Si,Municipio | No se encuentra castrada.,,Municipio,No se encuentra castrada.,Si,Si,Si,Si,Salen solos a la calle | Tienen identificador | Viven dentro de su hogar,Salen solos a la calle,Tienen identificador,Viven dentro de su hogar,Todo el tiempo,Gatos | Perros,Gatos,Perros,Castraciones masivas | Educación,Castraciones masivas,,Educación,,Si
2026-04-11 15:52:16,San Francisco,José Hernández,José Hernández,1564,Casa Propia,3,Gatos | Perros,Gatos,Perros,1,0,1,0,1,1,2,Si,En forma particular,En forma particular,,,Si,Si,Si,Si,Salen solos a la calle | Viven dentro de su hogar,Salen solos a la calle,,Viven dentro de su hogar,Nunca,Perros,,Perros,Control de identificación | Educación,,Control de identificación,Educación,,Si
2026-04-11 16:11:32,San Francisco,Sarmiento ,Sarmiento,155,Casa Propia,6,Gatos | Perros,Gatos,Perros,2,4,6,2,1,3,9,Si,Municipio,,Municipio,,Si,Si,Si,Si,Viven dentro de su hogar,,,Viven dentro de su hogar,Todo el tiempo,Perros,,Perros,Control de identificación,,Control de identificación,,,Si
2026-04-11 16:15:26,San Francisco,la milka,La Milka,616,Departamento en Alquiler,2,Perros,,Perros,2,0,2,0,0,0,2,Si,Municipio,,Municipio,,Si,Si,Si,No,Salen solos a la calle | Tienen identificador | Viven dentro de su hogar,Salen solos a la calle,Tienen identificador,Viven dentro de su hogar,Todo el tiempo,Perros,,Perros,Castraciones masivas | Control de identificación | Educación,Castraciones masivas,Control de identificación,Educación,,Si
2026-04-11 16:19:33,San Francisco,Hospital ,Hospital,493,Departamento en Alquiler,3,Gatos | Perros,Gatos,Perros,1,0,1,0,1,1,2,Si,Municipio,,Municipio,,Si,Si,Si,Si,Viven dentro de su hogar,,,Viven dentro de su hogar,Todo el tiempo,Perros,,Perros,Castraciones masivas | Educación,Castraciones masivas,,Educación,,Si
2026-04-11 16:19:38,San Francisco,independencia ,Independencia,3984,Casa en Alquiler,4,Perros,,Perros,1,1,2,0,0,0,2,Si,Municipio,,Municipio,,Si,Si,Si,Si,Viven dentro de su hogar,,,Viven dentro de su hogar,Todo el tiempo,Perros,,Perros,Castraciones masivas | Educación,Castraciones masivas,,Educación,,Si
2026-04-11 16:45:38,San Francisco,Palmares 2,Palmares 2,1918,Casa en Alquiler,3,Gatos | Perros,Gatos,Perros,1,1,2,0,2,2,4,Si,En forma particular | Municipio,En forma particular,Municipio,,Si,Si,Si,Si,Viven dentro de su hogar,,,Viven dentro de su hogar,Todo el tiempo,Perros,,Perros,Castraciones masivas | Educación,Castraciones masivas,,Educación,,Si
2026-04-11 17:26:09,San Francisco,Roca,General Roca,2189,Departamento en Alquiler,1,Gatos,Gatos,,0,0,0,2,1,3,3,Si,Municipio,,Municipio,,Si,No,Si,No,Viven dentro de su hogar,,,Viven dentro de su hogar,A veces,Gatos | Perros,Gatos,Perros,Castraciones masivas | Control de identificación,Castraciones masivas,Control de identificación,,,Si
2026-04-11 17:58:20,San Francisco,Sarmiento ,Sarmiento,454,Casa Propia,2,Gatos,Gatos,,0,0,0,1,1,2,2,Si,En forma particular | Municipio,En forma particular,Municipio,,Si,Si,Si,Si,Viven dentro de su hogar,,,Viven dentro de su hogar,A veces,Perros,,Perros,Castraciones masivas | Control de identificación | Educación,Castraciones masivas,Control de identificación,Educación,,Si
2026-04-11 17:58:35,San Francisco,Consolata,La Consolata,580,Casa Propia,2,Perros,,Perros,0,2,2,0,0,0,2,Si,En forma particular | Municipio,En forma particular,Municipio,,Si,Si,Si,Si,Tienen identificador | Viven dentro de su hogar,,Tienen identificador,Viven dentro de su hogar,A veces,Perros,,Perros,Castraciones masivas | Control de identificación | Educación,Castraciones masivas,Control de identificación,Educación,,Si
2026-04-11 17:59:26,San Francisco,Velez Sarfield,Vélez Sarsfield,1139,Departamento en Alquiler,2,Perros,,Perros,1,0,1,0,0,0,1,No,No se encuentra castrada.,,,No se encuentra castrada.,Si,Si,Si,Si,Tienen identificador | Viven dentro de su hogar,,Tienen identificador,Viven dentro de su hogar,A veces,Perros,,Perros,Educación,,,Educación,,Si
2026-04-11 18:34:53,San Francisco,Sarmiento,Sarmiento,456,Casa Propia,1,Gatos,Gatos,,0,0,0,1,2,3,3,Si,En forma particular,En forma particular,,,Si,Si,No,No,Viven dentro de su hogar,,,Viven dentro de su hogar,Todo el tiempo,Perros,,Perros,Castraciones masivas | Educación,Castraciones masivas,,Educación,,Si
2026-04-11 18:47:49,San Francisco,Los palmares,Palmares,1763,Casa Propia,4,Perros,,Perros,0,2,2,0,0,0,2,Si,Municipio,,Municipio,,Si,No,Si,No,Viven dentro de su hogar,,,Viven dentro de su hogar,Todo el tiempo,Perros,,Perros,Castraciones masivas | Educación,Castraciones masivas,,Educación,,Si
2026-04-11 19:06:13,San Francisco,Catedral ,Catedral,148,Casa en Alquiler,2,Gatos | Perros,Gatos,Perros,0,2,2,0,1,1,3,Si,Municipio,,Municipio,,Si,Si,Si,Si,Viven dentro de su hogar,,,Viven dentro de su hogar,A veces,Perros,,Perros,Castraciones masivas | Control de identificación | Educación,Castraciones masivas,Control de identificación,Educación,,Si
2026-04-11 19:40:35,San Francisco,Magdalena dos,Magdalena 2,2539,Casa Propia,2,Perros,,Perros,0,2,2,0,0,0,2,Si,Municipio,,Municipio,,Si,Si,Si,Si,Viven dentro de su hogar,,,Viven dentro de su hogar,A veces,Perros,,Perros,Castraciones masivas,Castraciones masivas,,,,Si
2026-04-11 19:48:42,San Francisco,Rocca,General Roca,849,Casa Propia,3,Perros,,Perros,0,1,1,0,0,0,1,Si,En forma particular,En forma particular,,,Si,Si,Si,Si,Viven dentro de su hogar,,,Viven dentro de su hogar,Todo el tiempo,Perros,,Perros,Control de identificación,,Control de identificación,,,Si
2026-04-11 20:13:05,San Francisco,Parque,Barrio Parque,1100,Casa Propia,2,Perros,,Perros,0,1,1,0,0,0,1,Si,Municipio,,Municipio,,Si,Si,Si,Si,Viven dentro de su hogar,,,Viven dentro de su hogar,Todo el tiempo,Perros,,Perros,Castraciones masivas | Control de identificación,Castraciones masivas,Control de identificación,,,Si
2026-04-11 20:47:38,San Francisco,Independencia ,Independencia,4555,Casa en Alquiler,2,Perros,,Perros,1,2,3,0,0,0,3,Si,En forma particular | Municipio,En forma particular,Municipio,,Si,Si,Si,Si,Viven dentro de su hogar,,,Viven dentro de su hogar,Todo el tiempo,Perros,,Perros,Castraciones masivas | Control de identificación | Educación,Castraciones masivas,Control de identificación,Educación,,Si
2026-04-11 21:13:45,San Francisco,Procrear,La Milka,1876,Casa en Alquiler,3,Perros,,Perros,0,1,1,0,0,0,1,No,No se encuentra castrada.,,,No se encuentra castrada.,Si,Si,Si,Si,Viven dentro de su hogar,,,Viven dentro de su hogar,Todo el tiempo,Gatos | Perros,Gatos,Perros,Control de identificación,,Control de identificación,,,Si
2026-04-11 22:18:35,San Francisco,20 de Junio,20 de Junio,1363,Casa Propia,3,Perros,,Perros,1,1,2,0,0,0,2,Si,Municipio,,Municipio,,Si,Si,Si,Si,Viven dentro de su hogar,,,Viven dentro de su hogar,A veces,Perros,,Perros,Castraciones masivas | Control de identificación | Educación,Castraciones masivas,Control de identificación,Educación,,Si
2026-04-11 22:46:04,San Francisco,La Milka ,La Milka,876,Casa Propia,4,Gatos | Perros,Gatos,Perros,1,2,3,1,2,3,6,Si,Municipio,,Municipio,,Si,No,Si,No,Viven dentro de su hogar,,,Viven dentro de su hogar,Todo el tiempo,Perros,,Perros,Castraciones masivas | Control de identificación,Castraciones masivas,Control de identificación,,,Un poco
2026-04-11 22:49:44,San Francisco,Roca,General Roca,500,Casa Propia,3,Perros,,Perros,0,1,1,0,0,0,1,No,No se encuentra castrada.,,,No se encuentra castrada.,Si,Si,Si,Si,Viven dentro de su hogar,,,Viven dentro de su hogar,Nunca,Perros,,Perros,Castraciones masivas,Castraciones masivas,,,,Si
2026-04-11 22:50:38,San Francisco,Vélez Sarsfield ,Vélez Sarsfield,1378,Departamento Propio,2,Gatos,Gatos,,0,0,0,1,0,1,1,Si,En forma particular,En forma particular,,,Si,Si,Si,Si,Viven dentro de su hogar,,,Viven dentro de su hogar,A veces,Perros,,Perros,Castraciones masivas | Control de identificación | Educación,Castraciones masivas,Control de identificación,Educación,,Si
2026-04-11 23:26:44,San Francisco,Catedral ,Catedral,767,Casa Propia,2,Gatos | Perros,Gatos,Perros,1,1,2,1,0,1,3,Si,En forma particular | Municipio,En forma particular,Municipio,,Si,Si,Si,Si,Viven dentro de su hogar,,,Viven dentro de su hogar,Todo el tiempo,Perros,,Perros,Castraciones masivas | Control de identificación | Educación,Castraciones masivas,Control de identificación,Educación,,Si
2026-04-11 23:42:06,San Francisco,hernandez,José Hernández,1196,Casa Propia,1,Perros,,Perros,0,1,1,0,0,0,1,Si,Municipio,,Municipio,,Si,Si,No,Si,Viven dentro de su hogar,,,Viven dentro de su hogar,A veces,Perros,,Perros,Castraciones masivas | Control de identificación | Educación,Castraciones masivas,Control de identificación,Educación,,Si
2026-04-12 00:04:34,San Francisco,Vélez Sarsfield ,Vélez Sarsfield,478,Casa Propia,1,Gatos | Perros,Gatos,Perros,0,1,1,0,2,2,3,Si,En forma particular,En forma particular,,,Si,Si,Si,Si,Salen solos a la calle,Salen solos a la calle,,,Todo el tiempo,Perros,,Perros,Educación,,,Educación,,Si
2026-04-12 01:22:20,San Francisco,cateedral ,Catedral,529,Casa Propia,2,Perros,,Perros,0,1,1,0,0,0,1,Si,En forma particular,En forma particular,,,Si,Si,Si,Si,Salen solos a la calle | Tienen identificador | Viven dentro de su hogar,Salen solos a la calle,Tienen identificador,Viven dentro de su hogar,A veces,Gatos | Perros,Gatos,Perros,Educación,,,Educación,,Si
2026-04-12 02:37:05,San Francisco,Sarmiento ,Sarmiento,932,Casa en Alquiler,2,Perros,,Perros,4,1,5,0,0,0,5,Si,Municipio,,Municipio,,Si,Si,Si,Si,Viven dentro de su hogar,,,Viven dentro de su hogar,Todo el tiempo,Gatos | Perros,Gatos,Perros,Castraciones masivas | Control de identificación | Educación,Castraciones masivas,Control de identificación,Educación,,Si
2026-04-12 09:14:20,San Francisco,Catedral,Catedral,164,Casa en Alquiler,1,Perros,,Perros,0,2,2,0,0,0,2,Si,En forma particular,En forma particular,,,Si,Si,Si,Si,Viven dentro de su hogar,,,Viven dentro de su hogar,A veces,Perros,,Perros,Castraciones masivas | Control de identificación | Educación,Castraciones masivas,Control de identificación,Educación,,Si
2026-04-12 09:26:44,San Francisco,20 de junio,20 de Junio,3668,Casa Propia,4,Gatos | Perros,Gatos,Perros,1,0,1,0,2,2,3,Si,En forma particular | Municipio,En forma particular,Municipio,,Si,Si,Si,Si,Salen solos a la calle | Viven dentro de su hogar,Salen solos a la calle,,Viven dentro de su hogar,A veces,Gatos,Gatos,,Castraciones masivas | Control de identificación | Educación,Castraciones masivas,Control de identificación,Educación,,Si
2026-04-12 09:30:28,San Francisco,9 de sepriembre,9 de Septiembre,1258,Casa Propia,4,Gatos | Perros,Gatos,Perros,1,1,2,1,0,1,3,Si,Municipio,,Municipio,,Si,Si,Si,Si,Viven dentro de su hogar,,,Viven dentro de su hogar,A veces,Gatos,Gatos,,Castraciones masivas,Castraciones masivas,,,,Si
2026-04-12 09:39:52,San Francisco,San Francisco ,Plaza San Francisco,150,Casa Propia,5,Gatos | Perros,Gatos,Perros,1,0,1,2,0,2,3,Si,Municipio,,Municipio,,Si,Si,Si,Si,Salen solos a la calle | Viven dentro de su hogar,Salen solos a la calle,,Viven dentro de su hogar,Todo el tiempo,Perros,,Perros,Castraciones masivas | Control de identificación,Castraciones masivas,Control de identificación,,,Si
2026-04-12 10:31:25,San Francisco,Sarmiento ,Sarmiento,332,Casa Propia,1,Perros,,Perros,0,1,1,0,0,0,1,Si,En forma particular,En forma particular,,,Si,Si,Si,Si,Viven dentro de su hogar,,,Viven dentro de su hogar,Todo el tiempo,Perros,,Perros,Castraciones masivas,Castraciones masivas,,,,Si
2026-04-12 10:34:56,San Francisco,Consolata,La Consolata,479,Casa en Alquiler,3,Perros,,Perros,1,0,1,0,0,0,1,Si,En forma particular,En forma particular,,,Si,Si,Si,Si,Tienen identificador | Viven dentro de su hogar,,Tienen identificador,Viven dentro de su hogar,A veces,Perros,,Perros,Educación,,,Educación,,Si
2026-04-12 10:36:18,San Francisco,Consolata,La Consolata,2500,Casa Propia,2,Gatos | Perros,Gatos,Perros,0,1,1,0,1,1,2,Si,En forma particular,En forma particular,,,Si,Si,Si,Si,Viven dentro de su hogar,,,Viven dentro de su hogar,A veces,Perros,,Perros,Castraciones masivas | Educación,Castraciones masivas,,Educación,,Si
2026-04-12 11:05:13,San Francisco,La Florida,La Florida,1058,Casa Propia,4,Perros,,Perros,1,0,1,0,0,0,1,No,No se encuentra castrada.,,,No se encuentra castrada.,Si,Si,Si,Si,Viven dentro de su hogar,,,Viven dentro de su hogar,Nunca,Perros,,Perros,No es necesaria la participación del municipio,,,,No es necesaria la participación del municipio,Si
2026-04-12 11:32:00,San Francisco,José Hernandez,José Hernández,2180,Casa Propia,1,Perros,,Perros,0,1,1,0,0,0,1,Si,En forma particular,En forma particular,,,Si,Si,Si,Si,Viven dentro de su hogar,,,Viven dentro de su hogar,Nunca,Perros,,Perros,Castraciones masivas,Castraciones masivas,,,,Si
2026-04-12 11:57:12,San Francisco,Barrio Jardín ,Jardín,2557,Casa en Alquiler,2,Gatos | Perros,Gatos,Perros,1,0,1,0,1,1,2,Si,Municipio,,Municipio,,Si,Si,Si,No,Viven dentro de su hogar,,,Viven dentro de su hogar,Todo el tiempo,Perros,,Perros,Castraciones masivas | Control de identificación,Castraciones masivas,Control de identificación,,,Si
2026-04-12 12:03:31,San Francisco,Roca,General Roca,2386,Departamento Propio,4,Perros,,Perros,1,0,1,0,0,0,1,No,No se encuentra castrada.,,,No se encuentra castrada.,Si,Si,Si,Si,Viven dentro de su hogar,,,Viven dentro de su hogar,A veces,Perros,,Perros,Educación,,,Educación,,Si
2026-04-12 12:22:24,San Francisco,Catedral ,Catedral,371,Casa Propia,1,Perros,,Perros,0,1,1,0,0,0,1,Si,En forma particular,En forma particular,,,Si,Si,Si,Si,Viven dentro de su hogar,,,Viven dentro de su hogar,A veces,Perros,,Perros,Castraciones masivas | Educación,Castraciones masivas,,Educación,,Si
2026-04-12 12:46:24,San Francisco,Vélez sardield,Vélez Sarsfield,445,Casa Propia,5,Perros,,Perros,0,2,2,0,0,0,2,Si,En forma particular,En forma particular,,,Si,Si,Si,No,Tienen identificador | Viven dentro de su hogar,,Tienen identificador,Viven dentro de su hogar,A veces,Perros,,Perros,Castraciones masivas,Castraciones masivas,,,,Si
2026-04-12 14:37:30,San Francisco,Urquiza,Urquiza,2942,Casa en Alquiler,1,Gatos | Perros,Gatos,Perros,0,1,1,0,3,3,4,Si,Municipio,,Municipio,,Si,Si,Si,Si,Viven dentro de su hogar,,,Viven dentro de su hogar,Todo el tiempo,Perros,,Perros,Castraciones masivas | Control de identificación | Educación,Castraciones masivas,Control de identificación,Educación,,Si
2026-04-12 15:00:11,San Francisco,Jose Hernandez,José Hernández,1564,Casa Propia,2,Gatos | Perros,Gatos,Perros,1,1,2,0,1,1,3,Si,En forma particular,En forma particular,,,Si,Si,Si,No,Viven dentro de su hogar,,,Viven dentro de su hogar,Todo el tiempo,Perros,,Perros,Castraciones masivas | Control de identificación | Educación,Castraciones masivas,Control de identificación,Educación,,Si
2026-04-12 15:22:28,San Francisco,El prado,El Prado,1064,Casa Propia,3,Gatos | Perros,Gatos,Perros,2,2,4,0,1,1,5,Si,Municipio,,Municipio,,Si,Si,Si,No,Viven dentro de su hogar,,,Viven dentro de su hogar,A veces,Perros,,Perros,Castraciones masivas | Control de identificación | Educación,Castraciones masivas,Control de identificación,Educación,,Un poco
2026-04-12 17:32:41,San Francisco,Dos hermanos ,Dos Hermanos,3584,Casa Propia,3,Perros,,Perros,0,3,3,0,0,0,3,Si,Municipio,,Municipio,,Si,Si,Si,Si,Viven dentro de su hogar,,,Viven dentro de su hogar,A veces,Perros,,Perros,Control de identificación,,Control de identificación,,,Si
2026-04-12 19:15:56,San Francisco,San Martin ,San Martín,1600,Casa Propia,2,Gatos,Gatos,,0,0,0,1,2,3,3,Si,Municipio,,Municipio,,Si,Si,Si,Si,Viven dentro de su hogar,,,Viven dentro de su hogar,A veces,Gatos,Gatos,,Castraciones masivas | Educación,Castraciones masivas,,Educación,,Si
2026-04-12 19:37:15,San Francisco,Dos hermanos,Dos Hermanos,4000,Casa en Alquiler,2,Perros,,Perros,0,2,2,0,0,0,2,Si,En forma particular | Municipio,En forma particular,Municipio,,Si,Si,Si,Si,Tienen identificador | Viven dentro de su hogar,,Tienen identificador,Viven dentro de su hogar,Todo el tiempo,Gatos | Perros,Gatos,Perros,Castraciones masivas | Control de identificación,Castraciones masivas,Control de identificación,,,Si
2026-04-12 22:17:32,San Francisco,20 de Junio,20 de Junio,2952,Departamento en Alquiler,1,Gatos | Perros,Gatos,Perros,1,1,2,1,0,1,3,Si,En forma particular | Municipio,En forma particular,Municipio,,Si,Si,Si,No,Viven dentro de su hogar,,,Viven dentro de su hogar,A veces,Perros,,Perros,Castraciones masivas | Control de identificación | Educación,Castraciones masivas,Control de identificación,Educación,,Si
2026-04-13 10:35:05,San Francisco,9 de septiembre ,9 de Septiembre,1032,Casa Propia,3,Perros,,Perros,0,2,2,0,0,0,2,Si,En forma particular | Municipio,En forma particular,Municipio,,Si,Si,Si,No,Viven dentro de su hogar,,,Viven dentro de su hogar,A veces,Perros,,Perros,Control de identificación | Educación,,Control de identificación,Educación,,Si
2026-04-13 10:42:52,San Francisco,Independencia,Independencia,547,Departamento en Alquiler,2,Gatos,Gatos,,0,0,0,1,1,2,2,Si,En forma particular,En forma particular,,,Si,Si,Si,No,Viven dentro de su hogar,,,Viven dentro de su hogar,Todo el tiempo,Gatos | Perros,Gatos,Perros,Control de identificación | Educación,,Control de identificación,Educación,,Si
2026-04-13 10:53:28,San Francisco,Catedral,Catedral,1260,Casa en Alquiler,2,Gatos | Perros,Gatos,Perros,0,4,4,4,0,4,8,Si,Municipio,,Municipio,,Si,Si,Si,Si,Tienen identificador | Viven dentro de su hogar,,Tienen identificador,Viven dentro de su hogar,A veces,Perros,,Perros,Castraciones masivas | Control de identificación,Castraciones masivas,Control de identificación,,,Si
2026-04-13 11:47:33,San Francisco,Roca,General Roca,2331,Casa Propia,2,Gatos | Perros,Gatos,Perros,0,1,1,3,0,3,4,Si,En forma particular,En forma particular,,,Si,Si,Si,Si,Viven dentro de su hogar,,,Viven dentro de su hogar,Todo el tiempo,Perros,,Perros,Castraciones masivas | Control de identificación | Educación,Castraciones masivas,Control de identificación,Educación,,Si
2026-04-13 13:57:00,San Francisco,Ayres del golf,Ayres del Golf,3690,Casa Propia,5,Perros,,Perros,1,0,1,0,0,0,1,Si,En forma particular,En forma particular,,,Si,Si,Si,Si,Viven dentro de su hogar,,,Viven dentro de su hogar,A veces,Perros,,Perros,Control de identificación,,Control de identificación,,,Si
2026-04-13 15:00:27,San Francisco,Palmares 4,Palmares 4,1974,Casa en Alquiler,2,Perros,,Perros,0,3,3,0,0,0,3,No,No se encuentra castrada.,,,No se encuentra castrada.,Si,Si,Si,Si,Viven dentro de su hogar,,,Viven dentro de su hogar,A veces,Perros,,Perros,Castraciones masivas | Control de identificación | Educación,Castraciones masivas,Control de identificación,Educación,,Si
2026-04-13 16:25:15,San Francisco,Dos hermanos ,Dos Hermanos,3800,Casa Propia,2,Perros,,Perros,1,0,1,0,0,0,1,Si,En forma particular,En forma particular,,,Si,Si,Si,Si,Viven dentro de su hogar,,,Viven dentro de su hogar,Todo el tiempo,Perros,,Perros,Castraciones masivas | Control de identificación | Educación,Castraciones masivas,Control de identificación,Educación,,Si
2026-04-13 17:01:04,San Francisco,Velez Sarsfield,Vélez Sarsfield,1230,Casa Propia,4,Gatos | Perros,Gatos,Perros,0,1,1,2,0,2,3,Si,En forma particular,En forma particular,,,Si,Si,Si,Si,Viven dentro de su hogar,,,Viven dentro de su hogar,A veces,Gatos | Perros,Gatos,Perros,Castraciones masivas | Control de identificación,Castraciones masivas,Control de identificación,,,Si
2026-04-13 17:46:20,San Francisco,Roca,General Roca,798,Casa Propia,4,Perros,,Perros,0,1,1,0,0,0,1,Si,En forma particular,En forma particular,,,Si,Si,Si,No,Viven dentro de su hogar,,,Viven dentro de su hogar,A veces,Perros,,Perros,Castraciones masivas,Castraciones masivas,,,,Si
2026-04-13 19:55:36,San Francisco,Velez Sarfield ,Vélez Sarsfield,1235,Casa Propia,3,Gatos | Perros,Gatos,Perros,1,0,1,0,2,2,3,Si,Municipio,,Municipio,,Si,Si,Si,No,Viven dentro de su hogar,,,Viven dentro de su hogar,A veces,Perros,,Perros,Castraciones masivas | Control de identificación | Educación,Castraciones masivas,Control de identificación,Educación,,Si
2026-04-13 21:10:56,San Francisco,Catedral,Catedral,1740,Departamento en Alquiler,2,Gatos | Perros,Gatos,Perros,0,1,1,1,0,1,2,Si,En forma particular | Municipio,En forma particular,Municipio,,Si,Si,Si,Si,Tienen identificador | Viven dentro de su hogar,,Tienen identificador,Viven dentro de su hogar,A veces,Perros,,Perros,Castraciones masivas | Educación,Castraciones masivas,,Educación,,Si
2026-04-15 21:40:25,San Francisco,9 de Septiembre ,9 de Septiembre,1455,Casa Propia,4,Gatos | Perros,Gatos,Perros,0,2,2,1,4,5,7,Si,En forma particular | Municipio,En forma particular,Municipio,,Si,Si,Si,Si,Salen solos a la calle | Viven dentro de su hogar,Salen solos a la calle,,Viven dentro de su hogar,A veces,Gatos,Gatos,,Castraciones masivas | Control de identificación | Educación,Castraciones masivas,Control de identificación,Educación,,Si
2026-04-16 11:10:27,San Francisco,Parque,Barrio Parque,1180,Casa Propia,2,Perros,,Perros,2,0,2,0,0,0,2,Si,Municipio,,Municipio,,Si,Si,Si,Si,Viven dentro de su hogar,,,Viven dentro de su hogar,Todo el tiempo,Perros,,Perros,Castraciones masivas,Castraciones masivas,,,,Un poco
2026-04-16 19:47:01,San Francisco,Velez Sarsfield,Vélez Sarsfield,1419,Casa Propia,1,Gatos,Gatos,,0,0,0,1,1,2,2,Si,En forma particular,En forma particular,,,Si,Si,Si,Si,Viven dentro de su hogar,,,Viven dentro de su hogar,Todo el tiempo,Perros,,Perros,Castraciones masivas | Educación,Castraciones masivas,,Educación,,Si
2026-04-17 11:51:34,San Francisco,Independencia ,Independencia,286,Casa en Alquiler,4,Perros,,Perros,0,2,2,0,0,0,2,Si,Municipio,,Municipio,,Si,Si,Si,Si,Viven dentro de su hogar,,,Viven dentro de su hogar,Todo el tiempo,Perros,,Perros,Castraciones masivas | Educación,Castraciones masivas,,Educación,,Si
2026-04-21 10:29:11,San Francisco,Jose hernandez ,José Hernández,660,Casa Propia,4,Perros,,Perros,0,1,1,0,0,0,1,Si,En forma particular,En forma particular,,,Si,Si,Si,Si,Viven dentro de su hogar,,,Viven dentro de su hogar,Todo el tiempo,Perros,,Perros,Castraciones masivas | Control de identificación | Educación,Castraciones masivas,Control de identificación,Educación,,Si
2026-04-21 13:04:15,San Francisco,9 de septiembre ,9 de Septiembre,1031,Departamento en Alquiler,2,Gatos,Gatos,,0,0,0,1,0,1,1,No,No se encuentra castrada.,,,No se encuentra castrada.,Si,Si,Si,Si,Viven dentro de su hogar,,,Viven dentro de su hogar,Todo el tiempo,Perros,,Perros,Castraciones masivas | Control de identificación | Educación,Castraciones masivas,Control de identificación,Educación,,Si
